time,open,high,low,close,Return,Kelly Fraction
2020-09-10,1.18026,1.19174,1.17994,1.18146,,0.0
2020-09-11,1.18145,1.18739,1.18086,1.18459,0.002649264469385404,0.0
2020-09-14,1.18362,1.1888,1.18321,1.18643,0.0015532800378190714,0.0
2020-09-15,1.18648,1.19004,1.18393,1.18462,-0.0015255851588379388,0.0
2020-09-16,1.18465,1.18826,1.17873,1.18155,-0.002591548344616723,0.0
2020-09-17,1.18146,1.18523,1.17374,1.18476,0.0027167703440396096,0.0
2020-09-18,1.18476,1.18703,1.18258,1.18413,-0.0005317532664844693,0.0
2020-09-21,1.18455,1.18717,1.17316,1.17707,-0.0059621832062356495,0.0
2020-09-22,1.177,1.1773500000000001,1.16916,1.17077,-0.0053522730168978905,0.0
2020-09-23,1.17074,1.1718899999999999,1.16511,1.16595,-0.004116948674803833,0.0
2020-09-24,1.1659,1.16868,1.1626400000000001,1.16708,0.0009691667738751519,0.0
2020-09-25,1.16706,1.16849,1.16122,1.16296,-0.0035301778798367822,0.0
2020-09-28,1.16222,1.16799,1.16151,1.1665,0.003043956799890113,0.0
2020-09-29,1.1665,1.17455,1.16609,1.17426,0.006652378911273127,0.0
2020-09-30,1.1743000000000001,1.17547,1.16846,1.1721,-0.0018394563384600549,0.0
2020-10-01,1.1721,1.17694,1.17171,1.17465,0.002175582288200806,0.0
2020-10-02,1.17489,1.17489,1.16957,1.17165,-0.002553952241093005,0.0
2020-10-05,1.17131,1.17974,1.17053,1.17825,0.00563308155165787,0.0
2020-10-06,1.17826,1.18076,1.17316,1.17334,-0.004167197114364529,0.0
2020-10-07,1.1733500000000001,1.17818,1.17248,1.17628,0.0025056675814341123,0.0
2020-10-08,1.17624,1.17816,1.17324,1.17582,-0.00039106335226302136,0.0
2020-10-09,1.17587,1.18304,1.17551,1.18293,0.006046843904679244,0.0
2020-10-12,1.18173,1.18265,1.17866,1.1812,-0.0014624703067805944,0.0
2020-10-13,1.1812,1.18155,1.17305,1.17446,-0.005706061632238413,0.0
2020-10-14,1.17452,1.17712,1.17195,1.17452,5.1087308209796234e-05,0.0
2020-10-15,1.17452,1.17576,1.16882,1.17073,-0.003226850117494795,0.0
2020-10-16,1.17073,1.1746,1.16939,1.1716,0.0007431260837253983,0.0
2020-10-19,1.17195,1.17936,1.1703000000000001,1.17695,0.004566404916353628,0.0
2020-10-20,1.17695,1.18407,1.17598,1.18211,0.004384213433026085,0.0
2020-10-21,1.18214,1.1880600000000001,1.18208,1.18598,0.003273807006116236,0.0
2020-10-22,1.18582,1.18667,1.18114,1.18177,-0.0035498069107404717,0.009993865584904608
2020-10-23,1.18177,1.18646,1.1786699999999999,1.18598,0.0035624529307733965,0.004868598292066906
2020-10-26,1.18551,1.18554,1.18031,1.18087,-0.004308672996171881,0.01431239260283743
2020-10-27,1.18087,1.18387,1.17818,1.1787,-0.0018376281893858204,-0.04524632110990197
2020-10-28,1.1787,1.17879,1.17178,1.17451,-0.0035547637227455464,-0.04838979714758127
2020-10-29,1.17451,1.17586,1.16499,1.1674,-0.006053588304910096,-0.05809308856529261
2020-10-30,1.16741,1.1703999999999999,1.16398,1.16462,-0.002381360287819101,-0.14445591796719726
2020-11-02,1.16468,1.16556,1.16221,1.16404,-0.0004980165204101494,-0.16283558712477472
2020-11-03,1.16406,1.1739600000000001,1.16323,1.1715,0.006408714477165844,-0.10853779589187705
2020-11-04,1.1715,1.17704,1.16019,1.17244,0.0008023900981646293,0.007823135058146096
2020-11-05,1.17244,1.18598,1.17108,1.1826699999999999,0.0087253931970932,0.05665029239449638
2020-11-06,1.18272,1.18909,1.17954,1.18746,0.004050157694031276,0.1153564779276166
2020-11-09,1.18873,1.192,1.17951,1.18127,-0.005212807168241351,0.17964525930358627
2020-11-10,1.18124,1.18432,1.17798,1.18136,7.618918621488113e-05,0.10773183768259138
2020-11-11,1.18138,1.1832799999999999,1.17455,1.17771,-0.003089659375634768,0.05906427001101163
2020-11-12,1.17771,1.18231,1.17586,1.18048,0.0023520221446704515,0.047271039149915484
2020-11-13,1.18047,1.18372,1.1798899999999999,1.18326,0.0023549742477635416,0.048773053111505996
2020-11-16,1.184,1.18688,1.18141,1.18516,0.0016057333130503615,0.0969603781632766
2020-11-17,1.18509,1.18939,1.18428,1.18605,0.0007509534577609944,0.06284168442926441
2020-11-18,1.18618,1.1891,1.18491,1.18526,-0.0006660764723241952,0.11913830047128406
2020-11-19,1.18526,1.18825,1.18163,1.1874500000000001,0.0018476958641986396,0.08377821815629566
2020-11-20,1.1874500000000001,1.18909,1.18497,1.18587,-0.0013305823403091388,0.11041188704046617
2020-11-23,1.18496,1.19061,1.18,1.18399,-0.0015853339742128991,0.03134031369182592
2020-11-24,1.18399,1.18959,1.18358,1.18904,0.004265238726678389,0.02990190219622297
2020-11-25,1.18905,1.19298,1.18819,1.19157,0.0021277669380339592,0.14246591919663465
2020-11-26,1.19164,1.19409,1.18853,1.19127,-0.00025176867494147714,0.1594404087439571
2020-11-27,1.19125,1.1963,1.19067,1.19593,0.003911791617349447,0.1919253672559576
2020-11-30,1.196,1.20034,1.19236,1.19256,-0.002817890679220225,0.21348916364672926
2020-12-01,1.19261,1.20766,1.19253,1.20692,0.012041322868451054,0.1411133730267421
2020-12-02,1.20691,1.21184,1.204,1.21136,0.0036787856693070164,0.1927544759156128
2020-12-03,1.21137,1.21746,1.21011,1.21469,0.002748976357152433,0.19510972597312745
2020-12-04,1.21447,1.21773,1.211,1.21201,-0.002206324247338798,0.256226105640703
2020-12-07,1.21299,1.21664,1.20787,1.21091,-0.0009075832707651221,0.20275304343546643
2020-12-08,1.21091,1.2134,1.20956,1.21022,-0.000569819392027382,0.23416384892068837
2020-12-09,1.21022,1.21474,1.20585,1.20802,-0.0018178512997636398,0.24587271247368278
2020-12-10,1.20789,1.21588,1.2073800000000001,1.21398,0.00493369315077552,0.2619139882611439
2020-12-11,1.21361,1.21628,1.21054,1.21125,-0.0022488014629566955,0.3557089621814109
2020-12-14,1.21366,1.21766,1.21156,1.21432,0.0025345717234264153,0.3569073430289773
2020-12-15,1.21432,1.2168700000000001,1.21214,1.21505,0.0006011594966730538,0.3911153463173961
2020-12-16,1.21489,1.2212399999999999,1.21249,1.21984,0.003942224599810862,0.3706956645662633
2020-12-17,1.21985,1.22729,1.21897,1.22684,0.00573845750262314,0.3822063472247402
2020-12-18,1.22676,1.22719,1.22256,1.22542,-0.0011574451436210387,0.37128430375552
2020-12-21,1.22166,1.22528,1.21296,1.22424,-0.0009629351569258038,0.3230819295776989
2020-12-22,1.22434,1.22573,1.2152,1.21616,-0.0066000130693328884,0.3664649824492808
2020-12-23,1.21618,1.22212,1.2154,1.2186,0.0020063149585580753,0.2811517565295514
2020-12-24,1.21857,1.22157,1.21774,1.21808,-0.00042671918595094116,0.33856214390948425
2020-12-28,1.21696,1.22506,1.21696,1.2216,0.002889793773807936,0.30534965088266874
2020-12-29,1.2216,1.22749,1.2207,1.22482,0.002635887360838307,0.3075416736207765
2020-12-30,1.22471,1.23099,1.2247,1.22961,0.003910778726670117,0.31164725467423376
2020-12-31,1.22963,1.23093,1.22127,1.22155,-0.006554923918966282,0.32335829044899117
2021-01-04,1.22395,1.23098,1.2227999999999999,1.22473,0.002603249969301391,0.2708506079728704
2021-01-05,1.22466,1.23056,1.22432,1.22965,0.004017211956921063,0.2741248337721248
2021-01-06,1.22968,1.23494,1.22657,1.23252,0.0023339974789575724,0.32006167723316326
2021-01-07,1.2325599999999999,1.23441,1.22452,1.2271,-0.004397494563982751,0.36220928701900457
2021-01-08,1.22713,1.22845,1.21932,1.22218,-0.004009453182299727,0.28702714073760427
2021-01-11,1.22116,1.22285,1.21323,1.21497,-0.005899294702907842,0.2255626231179788
2021-01-12,1.21498,1.2209699999999999,1.21372,1.22062,0.004650320584047352,0.17580047877625818
2021-01-13,1.22064,1.22229,1.21399,1.21568,-0.004047123592928137,0.18011029423262928
2021-01-14,1.21568,1.21784,1.21112,1.2154,-0.00023032376941301003,0.1694096951602802
2021-01-15,1.21537,1.21625,1.2075,1.20766,-0.006368273819318815,0.07302443398586997
2021-01-18,1.20813,1.20867,1.20536,1.20757,-7.452428663690114e-05,-0.029280163526528874
2021-01-19,1.20768,1.21449,1.20739,1.21284,0.004364136240549099,-0.0575235141067379
2021-01-20,1.21281,1.21582,1.20767,1.21046,-0.0019623363345534495,0.00879882201706448
2021-01-21,1.2104300000000001,1.21732,1.21022,1.2164,0.004907225352345224,-0.0016379747609828951
2021-01-22,1.21586,1.21894,1.21515,1.21704,0.0005261427162117638,0.05100450414123566
2021-01-25,1.21704,1.21833,1.2116,1.21413,-0.002391047130743451,0.07762947604910533
2021-01-26,1.21371,1.2176,1.21078,1.2159200000000001,0.00147430670521298,0.0034699213354651196
2021-01-27,1.21598,1.21696,1.20586,1.21096,-0.004079215737877506,0.04400183989573406
2021-01-28,1.21086,1.21421,1.20805,1.2121,0.0009414018629847476,-0.027466200067737926
2021-01-29,1.21209,1.21558,1.20944,1.21353,0.0011797706459864,-0.023643004387421385
2021-02-01,1.21301,1.21364,1.20562,1.20594,-0.006254480729771861,-0.05638570621940956
2021-02-02,1.20594,1.20876,1.20117,1.20428,-0.001376519561503864,-0.2060766525907192
2021-02-03,1.20423,1.205,1.20042,1.20351,-0.0006393861892582953,-0.20873620765369225
2021-02-04,1.20349,1.20428,1.19574,1.1962,-0.006073900507681862,-0.20480833554796757
2021-02-05,1.19618,1.20498,1.19522,1.20492,0.0072897508777796105,-0.1984213491505825
2021-02-08,1.20426,1.20661,1.20197,1.20493,8.299306178072285e-06,-0.1180546859558947
2021-02-09,1.20493,1.21221,1.20472,1.21174,0.0056517806013627325,-0.12148950426748308
2021-02-10,1.21173,1.2144,1.21088,1.21172,-1.6505190882587506e-05,-0.08456998323362755
2021-02-11,1.21172,1.21493,1.21135,1.21303,0.00108110784669746,-0.11189807294552595
2021-02-12,1.21303,1.21349,1.20815,1.21189,-0.0009397953884076049,-0.15180057315360618
2021-02-15,1.2124,1.21452,1.21167,1.21274,0.0007013837889577879,-0.08793325156420698
2021-02-16,1.21271,1.21694,1.20949,1.2105299999999999,-0.0018223197057902762,-0.11489108758933148
2021-02-17,1.21047,1.21089,1.20234,1.20374,-0.005609113363567952,-0.19096455811781496
2021-02-18,1.20351,1.20944,1.2035,1.20908,0.004436173924601494,-0.28576700078010964
2021-02-19,1.20908,1.2144300000000001,1.20823,1.21174,0.0022000198498033363,-0.16980596058323869
2021-02-22,1.21131,1.21694,1.20912,1.21554,0.00313598626768119,-0.09913502685155204
2021-02-23,1.21564,1.21802,1.21353,1.21493,-0.0005018345755796183,0.007790545688492441
2021-02-24,1.21493,1.21745,1.21092,1.21665,0.0014157194241644078,-0.05527982743456913
2021-02-25,1.21637,1.22432,1.2156,1.21743,0.0006411046726666481,0.012382978052316222
2021-02-26,1.2173,1.21828,1.20622,1.20727,-0.00834544901965617,0.024628899797694993
2021-03-01,1.20688,1.21012,1.20278,1.20488,-0.001979673146852101,-0.0017635829653539351
2021-03-02,1.20488,1.20944,1.19915,1.20893,0.0033613305889383938,-0.02719461631317931
2021-03-03,1.20898,1.21132,1.20429,1.20627,-0.0022002928209243766,-0.041625396433077846
2021-03-04,1.20627,1.20662,1.19616,1.1969400000000001,-0.0077345867840531435,-0.044883553670302084
2021-03-05,1.1968,1.19767,1.1892800000000001,1.1912,-0.004795562016475463,-0.2338108076290201
2021-03-08,1.19166,1.19321,1.18442,1.1846,-0.005540631296171883,-0.29574201646474446
2021-03-09,1.18456,1.19157,1.18356,1.19001,0.004566942427823628,-0.33959308049610937
2021-03-10,1.19002,1.19298,1.18687,1.19284,0.0023781312762076734,-0.27148559317115295
2021-03-11,1.19283,1.199,1.19158,1.19851,0.004753361724958882,-0.1903252676410431
2021-03-12,1.1985000000000001,1.19886,1.19098,1.19519,-0.0027701062152172273,-0.12884304476637787
2021-03-15,1.19473,1.19674,1.1911100000000001,1.19271,-0.0020749838937742515,-0.1679492152394612
2021-03-16,1.19271,1.19517,1.18823,1.19009,-0.0021966781531134183,-0.12108759446023605
2021-03-17,1.19009,1.19853,1.18863,1.19802,0.006663361594501316,-0.1302834288888692
2021-03-18,1.19802,1.1989,1.19062,1.19135,-0.0055675197409059685,-0.04470360056694873
2021-03-19,1.19134,1.19372,1.18738,1.19044,-0.0007638393419230338,-0.039459875899702054
2021-03-22,1.18828,1.19467,1.18744,1.19332,0.0024192735459158676,-0.1350569786452054
2021-03-23,1.19337,1.19407,1.18423,1.1848,-0.007139744578151586,-0.10163415723797625
2021-03-24,1.1847699999999999,1.18516,1.18097,1.18123,-0.003013166779203269,-0.2553216324438378
2021-03-25,1.18122,1.18277,1.17619,1.17677,-0.0037757253032855154,-0.28971684619478544
2021-03-26,1.17683,1.18049,1.17677,1.17933,0.0021754463489040976,-0.3282895442293075
2021-03-29,1.17886,1.17937,1.17608,1.17642,-0.0024675027346034994,-0.3009822565210683
2021-03-30,1.1764000000000001,1.17736,1.17114,1.17169,-0.0040206728889343735,-0.3161663573472022
2021-03-31,1.1717,1.17598,1.17041,1.17298,0.0011009738070650865,-0.33921783434493763
2021-04-01,1.17298,1.17799,1.17124,1.17759,0.003930160787055215,-0.2830915819441563
2021-04-02,1.1776,1.17864,1.17488,1.17608,-0.0012822799106648741,-0.29244892476131495
2021-04-05,1.17543,1.1819600000000001,1.17382,1.18125,0.0043959594585401,-0.3243240655068605
2021-04-06,1.18125,1.18776,1.17951,1.1874,0.0052063492063492145,-0.30018157141492574
2021-04-07,1.1873,1.19147,1.18609,1.18668,-0.0006063668519454835,-0.2283165226131672
2021-04-08,1.18666,1.19273,1.18605,1.19124,0.0038426534533320122,-0.23737402740530195
2021-04-09,1.1912099999999999,1.19202,1.18672,1.1901,-0.0009569859977839323,-0.19181911868228912
2021-04-12,1.18881,1.1919,1.18712,1.19099,0.0007478363162760626,-0.12584178044520888
2021-04-13,1.19093,1.1956,1.18775,1.19474,0.0031486410465242365,-0.10813750969476604
2021-04-14,1.19478,1.19874,1.19459,1.19784,0.002594706798132007,-0.11067815596210222
2021-04-15,1.19781,1.19933,1.19561,1.19655,-0.0010769384892806988,-0.06604635560371083
2021-04-16,1.19654,1.19949,1.19504,1.19809,0.0012870335548034184,-0.0012162987064672057
2021-04-19,1.19716,1.20481,1.1942599999999999,1.20367,0.004657413049103054,0.06053229551736676
2021-04-20,1.20364,1.20798,1.20224,1.20343,-0.00019939019831016758,0.15995307264237263
2021-04-21,1.20343,1.20436,1.19984,1.20343,0.0,0.11550811475567224
2021-04-22,1.20345,1.2069,1.19937,1.2014,-0.0016868451010860763,0.08962009794736293
2021-04-23,1.20139,1.21,1.20129,1.20973,0.006933577492924892,0.026420020284092335
2021-04-26,1.20922,1.2117,1.20613,1.20841,-0.0010911525712349324,0.11665621140844695
2021-04-27,1.20854,1.20928,1.20568,1.20892,0.00042204218766817014,0.12600630550493142
2021-04-28,1.20896,1.2134800000000001,1.20563,1.2125,0.002961320848360538,0.16029440424351302
2021-04-29,1.21249,1.21502,1.21021,1.21187,-0.0005195876288659473,0.13284981721514197
2021-04-30,1.2119,1.21266,1.20166,1.20208,-0.00807842425342653,0.18793011947204818
2021-05-03,1.20301,1.20759,1.20129,1.20629,0.0035022627445762122,0.10811732903287584
2021-05-04,1.2063,1.20641,1.19992,1.20121,-0.00421125931575328,0.11716523948859617
2021-05-05,1.20118,1.20268,1.1985999999999999,1.20036,-0.0007076198166848791,0.14838152012543926
2021-05-06,1.20036,1.20716,1.19931,1.20646,0.005081808790696085,0.17295757038852125
2021-05-07,1.20647,1.21713,1.2053,1.21618,0.00805662848333144,0.2573216428789781
2021-05-10,1.216,1.21783,1.21278,1.21282,-0.002762748935190573,0.28537232112553057
2021-05-11,1.2128,1.21817,1.2123,1.2147000000000001,0.0015501063636813583,0.28265128501112546
2021-05-12,1.21472,1.21521,1.20656,1.20705,-0.006297851321313996,0.34560940766210785
2021-05-13,1.20724,1.21061,1.20515,1.20791,0.0007124808417215966,0.26375666865970065
2021-05-14,1.20787,1.21476,1.20708,1.21441,0.005381195618878953,0.248014408968504
2021-05-17,1.21323,1.2168700000000001,1.2126000000000001,1.21511,0.0005764115908135636,0.30250114670183836
2021-05-18,1.21513,1.22339,1.2147999999999999,1.2221899999999999,0.005826632979730295,0.28469407127381224
2021-05-19,1.2221899999999999,1.22452,1.21599,1.21744,-0.003886466097742458,0.28774739917555325
2021-05-20,1.21744,1.2229,1.2169,1.22269,0.004312327506899694,0.2552991868281101
2021-05-21,1.2227000000000001,1.22398,1.2161,1.21806,-0.0037867325323672762,0.25783139605275335
2021-05-24,1.21776,1.223,1.21722,1.2215,0.0028241630133163387,0.23006592988309466
2021-05-25,1.22146,1.22664,1.22117,1.22497,0.002840769545640498,0.24174748869921997
2021-05-26,1.22491,1.2263,1.2182,1.21922,-0.0046939925059388266,0.2400668456607336
2021-05-27,1.21906,1.22151,1.21751,1.21934,9.842358229050774e-05,0.16795709851311325
2021-05-28,1.21932,1.2205,1.21327,1.21896,-0.00031164400413341564,0.1898262532679863
2021-05-31,1.21993,1.22314,1.21833,1.2225,0.002904114983264261,0.16748824455707334
2021-06-01,1.22254,1.22543,1.22118,1.22126,-0.0010143149284252972,0.15560634771456996
2021-06-02,1.22125,1.22265,1.21643,1.221,-0.00021289487905928883,0.1475553626718454
2021-06-03,1.2209699999999999,1.22143,1.21183,1.21265,-0.00683865683865692,0.14545208438903195
2021-06-04,1.21261,1.21856,1.21041,1.21662,0.003273821795241938,0.09455516383999465
2021-06-07,1.21595,1.22018,1.21448,1.21893,0.001898702963949228,0.06264584414933069
2021-06-08,1.21891,1.21942,1.21643,1.21726,-0.0013700540638100778,0.0965837106884816
2021-06-09,1.21722,1.22179,1.21709,1.21787,0.0005011254785336483,0.07319190465397307
2021-06-10,1.21787,1.2195,1.21432,1.21751,-0.00029559805233725367,0.05024874670307325
2021-06-11,1.21751,1.2193100000000001,1.20927,1.21063,-0.005650877610861471,0.05266988054521381
2021-06-14,1.21025,1.21303,1.20942,1.212,0.0011316422028198048,0.07890956285889426
2021-06-15,1.2119,1.21473,1.21014,1.21264,0.0005280528052804545,0.055974536969508645
2021-06-16,1.21256,1.2134800000000001,1.1994,1.19943,-0.010893587544530847,0.11535282503423788
2021-06-17,1.19939,1.20064,1.18918,1.19069,-0.007286794560749654,-0.00616805441821497
2021-06-18,1.19056,1.19251,1.18537,1.18597,-0.0039640880497863185,-0.1620197651426663
2021-06-21,1.1855,1.19212,1.1847699999999999,1.19185,0.004957966896296018,-0.3624323555982234
2021-06-22,1.19166,1.19525,1.18809,1.19413,0.0019129924067624593,-0.23311652810503186
2021-06-23,1.19376,1.19703,1.19116,1.19258,-0.0012980161288971281,-0.226107249367388
2021-06-24,1.19254,1.19563,1.19175,1.19315,0.00047795535729244776,-0.15890655930409373
2021-06-25,1.19315,1.19752,1.19265,1.1937,0.0004609646733437778,-0.16302222798280827
2021-06-28,1.19316,1.19445,1.19025,1.19242,-0.0010722962218312482,-0.2622582662009092
2021-06-29,1.1923,1.19298,1.18777,1.1896,-0.002364938528370941,-0.2743232173524884
2021-06-30,1.18954,1.1909,1.18452,1.1856,-0.00336247478143914,-0.4450102535752151
2021-07-01,1.18559,1.18842,1.18374,1.18497,-0.0005313765182185515,-0.43631526800742926
2021-07-02,1.18491,1.18743,1.18071,1.18646,0.001257415799556183,-0.566677193618545
2021-07-05,1.18576,1.18805,1.18515,1.18634,-0.00010114120998605536,-0.4857551288298988
2021-07-06,1.18619,1.1895,1.18067,1.18231,-0.0033970025456445674,-0.5653138625439185
2021-07-07,1.18235,1.18362,1.17817,1.17903,-0.0027742301088546917,-0.7268204891302621
2021-07-08,1.17899,1.18679,1.17836,1.18449,0.004630925421744925,-0.6872442443806279
2021-07-09,1.1844000000000001,1.18811,1.18251,1.18774,0.0027437969083741187,-0.48136179708178145
2021-07-12,1.18715,1.18802,1.18361,1.18606,-0.0014144509741190747,-0.4182181366586654
2021-07-13,1.18593,1.18752,1.17724,1.17765,-0.007090703674350163,-0.5058586269181096
2021-07-14,1.17761,1.18388,1.17719,1.18358,0.005035451959410686,-0.60808863400986
2021-07-15,1.18349,1.18506,1.17962,1.18118,-0.002027746328934432,-0.4646879424615926
2021-07-16,1.18118,1.18224,1.17921,1.18055,-0.0005333649401445539,-0.39232872903684757
2021-07-19,1.18054,1.18243,1.1764000000000001,1.17987,-0.0005760027106009868,-0.4682109458656093
2021-07-20,1.1798,1.18025,1.17558,1.17805,-0.0015425428225143145,-0.5020540860456253
2021-07-21,1.1779600000000001,1.18047,1.17519,1.17946,0.0011968931709178676,-0.5047296551512551
2021-07-22,1.17907,1.18303,1.17575,1.17707,-0.002026351042002217,-0.47981439367268713
2021-07-23,1.17705,1.17865,1.17544,1.17689,-0.0001529220861971048,-0.5058934570138093
2021-07-26,1.17677,1.18173,1.17635,1.18029,0.0028889700821657094,-0.42305001763766265
2021-07-27,1.1803,1.18411,1.1770100000000001,1.18165,0.001152259190537963,-0.36986038740068206
2021-07-28,1.18159,1.18494,1.17721,1.18441,0.0023357170058815324,-0.35265152703319314
2021-07-29,1.18431,1.18927,1.18402,1.18865,0.0035798414400418643,-0.17162922903277208
2021-07-30,1.18858,1.19087,1.18517,1.1873,-0.0011357422285785956,-0.021227649526560886
2021-08-02,1.18641,1.18969,1.1859,1.18688,-0.00035374378842756293,0.016332059855195414
2021-08-03,1.1867,1.18933,1.18537,1.18637,-0.00042969803181447386,-0.05900099257416687
2021-08-04,1.18631,1.18997,1.1832799999999999,1.18367,-0.002275849861341661,-0.09144612612127359
2021-08-05,1.1836,1.1857199999999999,1.18282,1.18327,-0.0003379320249731199,-0.10536446372601739
2021-08-06,1.18324,1.18357,1.17544,1.17611,-0.006051028083193244,-0.10835374541896249
2021-08-09,1.17568,1.1769,1.17349,1.17362,-0.0021171489061396764,-0.1780360185292782
2021-08-10,1.17358,1.17429,1.17098,1.17203,-0.0013547826383328854,-0.1906645340296483
2021-08-11,1.17184,1.1754,1.17061,1.17388,0.0015784578893032197,-0.17845537812976248
2021-08-12,1.1738,1.17482,1.17237,1.17296,-0.0007837257641326589,-0.1240420776740936
2021-08-13,1.1729,1.18048,1.17281,1.17962,0.005677942981857864,-0.12722833824993127
2021-08-16,1.17941,1.18007,1.17675,1.17768,-0.0016445974127259344,-0.06117030858782703
2021-08-17,1.1776200000000001,1.17845,1.17081,1.17081,-0.005833503158752973,-0.07786340160025047
2021-08-18,1.17088,1.17425,1.16937,1.17108,0.00023060957798448634,-0.10421512527549628
2021-08-19,1.17087,1.17176,1.16657,1.16756,-0.0030057724493629534,-0.0783023573995718
2021-08-20,1.1675200000000001,1.17045,1.1663999999999999,1.16996,0.0020555688786874082,-0.18001136778584112
2021-08-23,1.16897,1.17503,1.16897,1.1745700000000001,0.0039403056514752954,-0.19374143789443107
2021-08-24,1.17449,1.1764999999999999,1.17273,1.17555,0.0008343478890147082,-0.11864437619092567
2021-08-25,1.17537,1.17743,1.1726,1.17716,0.0013695716898471932,-0.021976902478965755
2021-08-26,1.17706,1.1779,1.17459,1.17515,-0.0017074994053485337,-0.07961061420979615
2021-08-27,1.17514,1.18026,1.17349,1.1795499999999999,0.0037442028677190375,-0.07483801910588507
2021-08-30,1.17926,1.18099,1.17829,1.17962,5.934466533852323e-05,-0.01054340567115276
2021-08-31,1.17961,1.1844999999999999,1.17939,1.18083,0.0010257540563911594,-0.0016569774218567535
2021-09-01,1.18078,1.1857199999999999,1.17936,1.18384,0.002549054478629298,0.03883022883851545
2021-09-02,1.18374,1.18759,1.18344,1.18744,0.0030409514799296655,0.05771390930273824
2021-09-03,1.18739,1.19091,1.1865700000000001,1.18772,0.00023580138785961324,0.13131063083102584
2021-09-06,1.18768,1.18862,1.18557,1.18701,-0.0005977839894926174,0.14467966396294052
2021-09-07,1.18675,1.18852,1.18373,1.18402,-0.0025189341286087075,0.09228326705656043
2021-09-08,1.18356,1.18512,1.18022,1.1815,-0.0021283424266482776,0.03270141678588461
2021-09-09,1.18125,1.18413,1.18053,1.18244,0.0007955988150656346,-0.03671866970563625
2021-09-10,1.18229,1.1851,1.18091,1.18107,-0.0011586211562530924,-0.08836477839650635
2021-09-13,1.18143,1.18171,1.17702,1.18103,-3.386759463874789e-05,-0.08875821287175041
2021-09-14,1.18092,1.1846,1.18001,1.18025,-0.0006604404629857452,-0.08325750391209502
2021-09-15,1.1801300000000001,1.18319,1.17991,1.18165,0.0011861893666595957,-0.08722543582813651
2021-09-16,1.18153,1.1820599999999999,1.17506,1.17652,-0.004341387043540923,-0.028426332551094825
2021-09-17,1.17675,1.17888,1.17242,1.1724999999999999,-0.003416856492027498,-0.099099563479693
2021-09-20,1.17272,1.17363,1.17004,1.17257,5.970149253742285e-05,-0.05259837480526429
2021-09-21,1.17248,1.17486,1.17149,1.17252,-4.2641377486996035e-05,-0.015083198676197727
2021-09-22,1.1724,1.17555,1.16843,1.16866,-0.003292054719748916,0.009572360359538977
2021-09-23,1.1686,1.1750099999999999,1.16835,1.17381,0.004406756456112104,-0.08134846494491467
2021-09-24,1.17379,1.17476,1.17007,1.17206,-0.0014908716061372562,0.0141724609062954
2021-09-27,1.17255,1.17255,1.16848,1.16952,-0.002167124549937949,-0.12413790565991084
2021-09-28,1.1694,1.17032,1.16682,1.16826,-0.0010773650728502782,-0.1343699898246733
2021-09-29,1.16825,1.16901,1.15894,1.1596899999999999,-0.0073356958211359125,-0.04123567826748613
2021-09-30,1.15963,1.16097,1.15626,1.15769,-0.0017245988152003733,-0.17838297090372796
2021-10-01,1.1574,1.16075,1.1562999999999999,1.15927,0.001364786773661253,-0.15475425081301739
2021-10-04,1.15922,1.164,1.15876,1.16193,0.0022945474307105584,-0.17219533838735876
2021-10-05,1.16184,1.16216,1.15806,1.15972,-0.0019020078662224105,-0.2179753838282382
2021-10-06,1.1595900000000001,1.16019,1.15292,1.15556,-0.003587072741696451,-0.2636118841693418
2021-10-07,1.15538,1.15723,1.1547399999999999,1.15527,-0.00025096057322848697,-0.354876495221993
2021-10-08,1.15526,1.15861,1.15414,1.15736,0.0018091009028191607,-0.32681579820657247
2021-10-11,1.15659,1.15867,1.15487,1.15517,-0.0018922375060481667,-0.4015180240622966
2021-10-12,1.15522,1.15702,1.15242,1.15295,-0.0019217950604674128,-0.4073491566462015
2021-10-13,1.15294,1.15973,1.1525,1.1594,0.005594344941237672,-0.44710320290796035
2021-10-14,1.15903,1.16245,1.15838,1.1595900000000001,0.0001638778678627606,-0.3327737242676589
2021-10-15,1.15947,1.16186,1.1588,1.15981,0.00018972222940849548,-0.4397733645242118
2021-10-18,1.15976,1.16224,1.15717,1.16097,0.0010001638199361729,-0.44176747878552747
2021-10-19,1.16088,1.16692,1.16074,1.1632500000000001,0.001963875035530638,-0.4291220714558171
2021-10-20,1.16304,1.16586,1.1617,1.16505,0.001547388781431236,-0.3379050101116346
2021-10-21,1.16478,1.16675,1.16192,1.1623999999999999,-0.002274580490107758,-0.269565074357356
2021-10-22,1.16197,1.16554,1.16194,1.16437,0.001694769442532662,-0.31490946367400774
2021-10-25,1.1638,1.1665,1.15907,1.1608100000000001,-0.003057447374975153,-0.263187338923388
2021-10-26,1.16076,1.16257,1.1585,1.15957,-0.0010682196052756998,-0.319479724096128
2021-10-27,1.15955,1.16257,1.15848,1.16026,0.0005950481644059202,-0.3270716721216045
2021-10-28,1.16023,1.1692,1.15824,1.16801,0.006679537345077868,-0.3468876251148492
2021-10-29,1.16781,1.16901,1.15353,1.1562000000000001,-0.010111214801242996,-0.11344051303922421
2021-11-01,1.15626,1.1609,1.1546,1.16041,0.0036412385400448333,-0.21983181645959807
2021-11-02,1.16028,1.16132,1.15747,1.1578,-0.00224920502236281,-0.14520112959304618
2021-11-03,1.1577,1.16161,1.15621,1.16131,0.003031611677319246,-0.17645700365372083
2021-11-04,1.1611,1.16162,1.15284,1.15539,-0.005097691400229198,-0.0852442784567974
2021-11-05,1.15537,1.1573,1.15134,1.15665,0.001090540856334199,-0.23116140339143906
2021-11-08,1.15597,1.1595,1.15503,1.1586400000000001,0.0017204858859638517,-0.19988428502007272
2021-11-09,1.1584,1.16086,1.15697,1.15929,0.0005610025547191366,-0.142234247531775
2021-11-10,1.1590799999999999,1.15953,1.14756,1.14783,-0.009885360867427528,-0.12212760889787572
2021-11-11,1.14774,1.14876,1.14429,1.14495,-0.0025090823554010377,-0.16347637101667015
2021-11-12,1.14484,1.14623,1.14328,1.1442700000000001,-0.0005939123979211702,-0.17619860029029388
2021-11-15,1.14456,1.14641,1.13562,1.13672,-0.006598093107396119,-0.20368601552030843
2021-11-16,1.13666,1.13855,1.1308799999999999,1.13194,-0.0042050812865085385,-0.347095479943761
2021-11-17,1.13184,1.13324,1.12632,1.13187,-6.184073360782083e-05,-0.38390612653165984
2021-11-18,1.13177,1.13741,1.13138,1.13704,0.004567662364052483,-0.3275613880413093
2021-11-19,1.13686,1.13724,1.12498,1.12829,-0.007695419686202798,-0.2331972796428182
2021-11-22,1.12884,1.12901,1.12307,1.12364,-0.004121280876370426,-0.3698439064527918
2021-11-23,1.12362,1.1275,1.1226,1.12474,0.0009789612331352338,-0.4025842155346656
2021-11-24,1.12461,1.12554,1.1186099999999999,1.11982,-0.004374344292903287,-0.3732425324656485
2021-11-25,1.1196,1.12299,1.11954,1.12083,0.0009019306674287186,-0.5858258394859991
2021-11-26,1.1206,1.13303,1.12044,1.13215,0.010099658288946545,-0.5592577970505567
2021-11-29,1.13002,1.13112,1.12584,1.12902,-0.002764651327121004,-0.2973121496874675
2021-11-30,1.12883,1.1383,1.12354,1.1338,0.004233760252254193,-0.32955833027662057
2021-12-01,1.1335,1.13597,1.13025,1.13193,-0.0016493208678777238,-0.2858432323591056
2021-12-02,1.1317599999999999,1.1347800000000001,1.12952,1.13006,-0.0016520456211956969,-0.3105547281035952
2021-12-03,1.12996,1.13335,1.12666,1.13083,0.0006813797497478014,-0.3037760642973524
2021-12-06,1.12995,1.13104,1.12665,1.12847,-0.002086962673434445,-0.3230366315442763
2021-12-07,1.12821,1.1298300000000001,1.12274,1.12671,-0.001559633840509722,-0.3121930828566047
2021-12-08,1.12658,1.1354899999999999,1.12633,1.1341700000000001,0.006621047119489409,-0.3176838177204469
2021-12-09,1.13418,1.13449,1.12784,1.12924,-0.0043467910454342285,-0.21668519920049467
2021-12-10,1.12919,1.13243,1.12649,1.13162,0.002107612199355291,-0.3507294522679984
2021-12-13,1.13077,1.1319,1.12599,1.12842,-0.0028278043866316604,-0.22846342303611278
2021-12-14,1.12807,1.1323699999999999,1.12537,1.12583,-0.0022952446783998104,-0.30258095467464924
2021-12-15,1.12575,1.12992,1.1221700000000001,1.12919,0.0029844647948622516,-0.3030841800848068
2021-12-16,1.1290499999999999,1.13602,1.12811,1.13296,0.0033386763963549893,-0.3039911453989678
2021-12-17,1.13296,1.13489,1.12344,1.12372,-0.008155627736195381,-0.21010587442709142
2021-12-20,1.12356,1.1304,1.12341,1.12769,0.003532908553732339,-0.2947250603594568
2021-12-21,1.12743,1.1302699999999999,1.12609,1.12822,0.0004699873192099968,-0.2637187943232638
2021-12-22,1.1282,1.13423,1.12642,1.13258,0.0038644945134813646,-0.26520969835146024
2021-12-23,1.13246,1.13422,1.12902,1.13263,4.4146991823978965e-05,-0.12804562464817928
2021-12-24,1.1326,1.13435,1.1304400000000001,1.13197,-0.000582714566981335,-0.11093863930024041
2021-12-27,1.13023,1.13342,1.13023,1.13264,0.0005918884776099365,-0.110821015088615
2021-12-28,1.1326,1.1333,1.12894,1.13079,-0.001633352168385449,-0.03731997742254075
2021-12-29,1.13079,1.13687,1.12732,1.13477,0.0035196632442806575,-0.008757002093972899
2021-12-30,1.13445,1.13599,1.12988,1.13256,-0.0019475312177799076,0.03068973547176581
2021-12-31,1.13244,1.13861,1.13033,1.13755,0.004405947587765802,-0.04232540485587572
2022-01-03,1.13693,1.13778,1.12795,1.12971,-0.0068920047470441,0.09237782638176267
2022-01-04,1.12961,1.13226,1.12723,1.12862,-0.0009648493861256213,0.061831619834204106
2022-01-05,1.12852,1.13466,1.12765,1.13135,0.0024188832379365977,0.038659027219200906
2022-01-06,1.13111,1.13316,1.12846,1.12976,-0.0014054006275687758,0.11196210899087333
2022-01-07,1.1296,1.13647,1.12901,1.1359,0.005434782608695565,0.08331456639368015
2022-01-10,1.1355,1.13599,1.12853,1.13252,-0.0029756140505325934,0.03938685055882202
2022-01-11,1.1323,1.13753,1.13131,1.13666,0.0036555645816409577,0.03700307174291803
2022-01-12,1.13655,1.14528,1.13545,1.14411,0.006554290641000771,0.03087314394087605
2022-01-13,1.14402,1.14817,1.14357,1.14539,0.0011187735445017388,0.11574582224045904
2022-01-14,1.14531,1.14829,1.13987,1.14151,-0.0033874924698136244,0.15088056499904742
2022-01-17,1.14117,1.1434199999999999,1.1391499999999999,1.14062,-0.0007796690348749191,0.1010818755022653
2022-01-18,1.14062,1.14216,1.13147,1.13258,-0.007048798022128322,0.11484382129924482
2022-01-19,1.13249,1.13569,1.13163,1.1342,0.001430362535097096,0.057059114244911016
2022-01-20,1.1339299999999999,1.13689,1.13031,1.13108,-0.002750837594780453,0.002692362558873209
2022-01-21,1.13092,1.13597,1.1301,1.13421,0.0027672666831699555,0.021410844311710923
2022-01-24,1.13371,1.13447,1.12906,1.13254,-0.0014723904744270433,0.028730952278241146
2022-01-25,1.13226,1.1328,1.12632,1.13006,-0.0021897681318099327,0.04440089561549719
2022-01-26,1.12991,1.13108,1.12354,1.12405,-0.005318301683096549,0.045620310211725086
2022-01-27,1.12404,1.12431,1.11313,1.11444,-0.008549441750811737,-0.050486136745952766
2022-01-28,1.11428,1.11737,1.11214,1.11469,0.00022432791357074322,-0.19043255674374324
2022-01-31,1.11406,1.12477,1.11378,1.12333,0.00775103391974441,-0.09822922123552147
2022-02-01,1.12315,1.12786,1.12208,1.12718,0.003427309873323292,-0.04120492221052552
2022-02-02,1.12715,1.13301,1.12667,1.13035,0.00281232811086074,-0.007301927839721668
2022-02-03,1.13018,1.14513,1.12665,1.14392,0.012005131154067428,-0.018866176331843554
2022-02-04,1.14389,1.14836,1.14116,1.14514,0.0010665081474228177,0.08791997824950357
2022-02-07,1.14573,1.14614,1.14151,1.14419,-0.0008295928882058323,0.10695321632801935
2022-02-08,1.14411,1.14486,1.13958,1.14163,-0.002237390643162529,0.08915123694139887
2022-02-09,1.14127,1.14479,1.14025,1.14233,0.0006131583788093753,0.08399663662725648
2022-02-10,1.1421000000000001,1.1495,1.13748,1.14275,0.0003676695875971525,0.062283405499795184
2022-02-11,1.14263,1.14291,1.13297,1.13477,-0.00698315467075028,0.08802841243756566
2022-02-14,1.13376,1.1368800000000001,1.1280000000000001,1.13058,-0.003692378191175405,-0.0206914155751865
2022-02-15,1.13032,1.13683,1.1299,1.13582,0.004634789223230573,0.010284268762706428
2022-02-16,1.13568,1.13955,1.13448,1.1372200000000001,0.001232589670898676,0.06312903909910747
2022-02-17,1.13713,1.13857,1.13229,1.13608,-0.0010024445577814234,0.053004865333463144
2022-02-18,1.1358,1.13769,1.1313900000000001,1.13227,-0.0033536370678119987,0.05690551776419199
2022-02-21,1.13145,1.13907,1.13064,1.13093,-0.0011834633082216106,-0.029296642985236983
2022-02-22,1.1307,1.1367,1.12878,1.13241,0.001308657476589925,-0.01125283606970433
2022-02-23,1.13246,1.13588,1.13012,1.13051,-0.0016778375323425188,-0.036612305173718405
2022-02-24,1.13023,1.13086,1.11063,1.11919,-0.010013179892261026,-0.13391728982640697
2022-02-25,1.11908,1.12735,1.11659,1.12716,0.007121221597762739,-0.2495491997715935
2022-02-28,1.11295,1.12464,1.11245,1.12178,-0.004773057950956283,-0.12294721475966854
2022-03-01,1.12177,1.12331,1.10897,1.11229,-0.008459769295227182,-0.16279938908189648
2022-03-02,1.11248,1.1143399999999999,1.10574,1.11184,-0.0004045707504338747,-0.17688022977155554
2022-03-03,1.1116,1.11205,1.10332,1.10659,-0.004721902432004543,-0.1869687099239001
2022-03-04,1.10651,1.10679,1.08852,1.09305,-0.012235787419007882,-0.20581032846748598
2022-03-07,1.09255,1.09324,1.0806,1.08533,-0.007062805910068359,-0.34332037657347814
2022-03-08,1.08511,1.09583,1.08471,1.0901399999999999,0.004431831793095142,-0.395856042466445
2022-03-09,1.0896,1.10961,1.08896,1.1075,0.015924560148237843,-0.32734885221151727
2022-03-10,1.1072899999999999,1.11213,1.09758,1.09859,-0.008045146726862296,-0.10575684351214827
2022-03-11,1.09845,1.10434,1.09021,1.09137,-0.006572060550341763,-0.10201664166765484
2022-03-14,1.09155,1.09938,1.09004,1.09447,0.002840466569541178,-0.14204240391363604
2022-03-15,1.09416,1.102,1.0926,1.09489,0.00038374738457869206,-0.19093678089082106
2022-03-16,1.09491,1.1047,1.09491,1.1031,0.007498470165952842,-0.22564472399737695
2022-03-17,1.10305,1.11376,1.10071,1.10901,0.0053576285014957925,-0.17368229634606475
2022-03-18,1.1089,1.11186,1.10031,1.10503,-0.003588786395073207,-0.2501324427429879
2022-03-21,1.10504,1.10702,1.10102,1.10188,-0.0028506013411400133,-0.27166058565314344
2022-03-22,1.10176,1.10458,1.0961,1.10294,0.0009619922314589857,-0.2872925426502083
2022-03-23,1.10279,1.10427,1.09641,1.10066,-0.0020672022050157723,-0.2792308069108934
2022-03-24,1.10052,1.10135,1.0965799999999999,1.09982,-0.0007631784565623745,-0.28138004069420264
2022-03-25,1.09959,1.1038000000000001,1.09809,1.09854,-0.0011638268080230718,-0.26778698043033955
2022-03-28,1.09842,1.09997,1.09447,1.09859,4.551495621440971e-05,-0.22651192207315599
2022-03-29,1.09834,1.11371,1.0969,1.10858,0.009093474362591891,-0.21798985636229753
2022-03-30,1.1085099999999999,1.1171,1.10792,1.11575,0.006467733496906103,-0.16896112689028464
2022-03-31,1.11579,1.11848,1.10613,1.10665,-0.008155948913287081,-0.12047770783867345
2022-04-01,1.10656,1.10757,1.10283,1.10447,-0.001969909185379204,-0.1670535657489672
2022-04-04,1.10336,1.10543,1.09608,1.09715,-0.006627613244361563,-0.1580442312975107
2022-04-05,1.09688,1.09886,1.09,1.09041,-0.006143189171945451,-0.1934906280936255
2022-04-06,1.09029,1.09381,1.08741,1.08956,-0.0007795232985757794,-0.226669938917611
2022-04-07,1.08956,1.09382,1.08649,1.08777,-0.0016428650097288777,-0.22119180345057385
2022-04-08,1.08764,1.08921,1.08364,1.08747,-0.00027579359607265985,-0.17014761745788456
2022-04-11,1.09159,1.09333,1.08729,1.08829,0.0007540437897137764,-0.22197804997841195
2022-04-12,1.08825,1.09035,1.08216,1.08269,-0.005145687270856181,-0.20305336009229763
2022-04-13,1.08256,1.08942,1.0809,1.08902,0.0058465488736390014,-0.18044964844623132
2022-04-14,1.08897,1.09233,1.07576,1.08286,-0.0056564617729703,-0.1355958225703272
2022-04-15,1.08278,1.08303,1.07961,1.08113,-0.0015976211144561603,-0.14186740025399253
2022-04-18,1.07994,1.08213,1.07702,1.0781,-0.0028026231813008673,-0.0704775125644611
2022-04-19,1.07805,1.08141,1.07612,1.07877,0.0006214636861143763,-0.04188856613922388
2022-04-20,1.07876,1.08667,1.07827,1.08539,0.006136618556318751,-0.07206579815098303
2022-04-21,1.08496,1.09364,1.08239,1.08336,-0.0018702954698310847,-0.17249577403077973
2022-04-22,1.08368,1.08519,1.07707,1.08009,-0.0030183872396988276,-0.11881040474263624
2022-04-25,1.08071,1.08145,1.06965,1.07125,-0.008184503143256583,-0.08791407120034303
2022-04-26,1.07106,1.07388,1.06353,1.06372,-0.007029171528588174,-0.17953785513871917
2022-04-27,1.06363,1.06547,1.05144,1.05573,-0.007511375173917867,-0.2224354974806823
2022-04-28,1.05571,1.05646,1.04709,1.04983,-0.005588550102772483,-0.37035161357630497
2022-04-29,1.04976,1.05927,1.04906,1.0546,0.004543592772163096,-0.48567080751586683
2022-05-02,1.05421,1.05681,1.04902,1.05072,-0.003679120045514739,-0.4035859221572979
2022-05-03,1.0507,1.05775,1.04922,1.05202,0.0012372468402617187,-0.41079649730377554
2022-05-04,1.05186,1.0630600000000001,1.0506,1.06219,0.00966711659474151,-0.40516567144129617
2022-05-05,1.06196,1.06419,1.04928,1.0541,-0.007616339826208018,-0.2641269399511348
2022-05-06,1.05413,1.05987,1.04828,1.05439,0.00027511621288289767,-0.3155616306724059
2022-05-09,1.05387,1.05925,1.04954,1.0557,0.0012424245298230385,-0.33317437227403984
2022-05-10,1.0557,1.05851,1.05257,1.05281,-0.0027375201288245554,-0.3149191797767299
2022-05-11,1.05281,1.0577,1.05017,1.05092,-0.001795195714326403,-0.46423792202805747
2022-05-12,1.05092,1.05291,1.0354,1.03779,-0.012493814943097536,-0.5886741694986665
2022-05-13,1.03779,1.04196,1.03494,1.04077,0.002871486524248734,-0.6315891026792843
2022-05-16,1.03959,1.0443,1.03887,1.04311,0.002248335367083909,-0.5924468788576029
2022-05-17,1.0431,1.0556,1.04276,1.05465,0.01106307100881021,-0.5185311863840399
2022-05-18,1.05465,1.05639,1.04599,1.04609,-0.008116436732565457,-0.28312071705269337
2022-05-19,1.04609,1.06073,1.0459,1.05854,0.011901461633320398,-0.3462243635417959
2022-05-20,1.05816,1.0599,1.05328,1.05582,-0.0025695769644983324,-0.19816445714533373
2022-05-23,1.05601,1.06975,1.05561,1.06881,0.012303233505711164,-0.21518205465091947
2022-05-24,1.06878,1.07489,1.0661100000000001,1.07333,0.0042290023484059525,-0.10811985098607216
2022-05-25,1.07329,1.07382,1.06418,1.0679,-0.005059021922428131,-0.050828435401189594
2022-05-26,1.06775,1.0731,1.06627,1.07239,0.004204513531229415,-0.1203860004221446
2022-05-27,1.07239,1.07651,1.06974,1.07309,0.0006527476011526367,-0.058698619114838584
2022-05-30,1.07326,1.07869,1.07243,1.0778,0.004389193823444382,-0.046958625034150825
2022-05-31,1.07756,1.07788,1.06791,1.07326,-0.004212284282798295,0.0021812391991211924
2022-06-01,1.0732,1.0739,1.06272,1.06484,-0.007845256508208776,-0.029340758330606856
2022-06-02,1.06453,1.0749900000000001,1.06405,1.07463,0.009193869501521235,-0.12187944562106347
2022-06-03,1.07443,1.07638,1.07039,1.07165,-0.0027730474675004,-0.04645037743280655
2022-06-06,1.07146,1.07516,1.06841,1.06955,-0.0019595950170298027,-0.044917433306931175
2022-06-07,1.0695000000000001,1.0714299999999999,1.06523,1.07049,0.0008788742929268789,-0.006022653790730398
2022-06-08,1.07036,1.07485,1.06715,1.07157,0.001008883782193104,0.04577859656771559
2022-06-09,1.07154,1.07739,1.06107,1.06159,-0.009313437292943871,0.10698507647992206
2022-06-10,1.06142,1.06424,1.0506,1.05207,-0.008967680554639701,0.08121575612427084
2022-06-13,1.05137,1.05195,1.03996,1.04076,-0.010750235250506335,-0.012213717218573568
2022-06-14,1.04078,1.04848,1.03969,1.04151,0.0007206272339443931,-0.06095907450505372
2022-06-15,1.0414,1.05076,1.0359099999999999,1.0443,0.002678802891955101,-0.06495417248294202
2022-06-16,1.04412,1.06009,1.03811,1.05483,0.01008330939385238,-0.12480132964045555
2022-06-17,1.05454,1.05602,1.04447,1.04962,-0.004939184513144235,0.009582200392681633
2022-06-20,1.04747,1.05457,1.04727,1.05104,0.0013528705626797422,-0.025856379075134724
2022-06-21,1.05104,1.05824,1.05053,1.05318,0.002036078550768705,-0.025082249390136292
2022-06-22,1.05299,1.06054,1.04691,1.05678,0.0034182191078449,0.007075644485133546
2022-06-23,1.05631,1.05812,1.04827,1.05215,-0.004381233558545916,0.04389070137992764
2022-06-24,1.05225,1.05711,1.05119,1.05534,0.0030318870883430105,0.10099837754818587
2022-06-27,1.05456,1.06149,1.05456,1.05829,0.002795307673356451,0.1019356708244048
2022-06-28,1.05817,1.06058,1.05033,1.0518,-0.0061325345604701376,0.1051055707813744
2022-06-29,1.0517,1.05353,1.04352,1.04411,-0.007311275907967318,-0.016199901547094952
2022-06-30,1.04394,1.04891,1.03823,1.04827,0.003984254532568343,-0.010106624173896737
2022-07-01,1.04826,1.04854,1.03657,1.04261,-0.005399372299121463,-0.07830135742983528
2022-07-04,1.04146,1.04627,1.04146,1.04221,-0.0003836525642377797,-0.10224864786897778
2022-07-05,1.04198,1.04488,1.02349,1.02656,-0.015016167566997196,-0.2416887508681587
2022-07-06,1.02641,1.02769,1.01618,1.0181,-0.008241115960099687,-0.43639727187132504
2022-07-07,1.01797,1.02213,1.01441,1.01587,-0.002190354582064624,-0.4679472361872541
2022-07-08,1.01564,1.01912,1.00717,1.01831,0.0024018821305875626,-0.5410363990652093
2022-07-11,1.01696,1.01831,1.00337,1.00396,-0.014091975920888622,-0.5042955393819922
2022-07-12,1.00396,1.00739,0.99996,1.00365,-0.0003087772421211943,-0.6991769163368527
2022-07-13,1.00346,1.01222,0.99977,1.00574,0.002082399242764099,-0.660367121927737
2022-07-14,1.00551,1.00598,0.99522,1.00178,-0.003937399327858304,-0.5772867594599702
2022-07-15,1.00154,1.00981,1.0007,1.00854,0.006747988580327213,-0.8271849691258002
2022-07-18,1.00816,1.02014,1.00734,1.01418,0.005592242251175161,-0.6489353187202788
2022-07-19,1.01408,1.02694,1.01193,1.02247,0.008174091384172355,-0.5382797046293456
2022-07-20,1.02245,1.02729,1.01552,1.01803,-0.004342425694641383,-0.4032835925756917
2022-07-21,1.01766,1.02783,1.01535,1.023,0.0048819779377817785,-0.4286125690948628
2022-07-22,1.02282,1.02553,1.01299,1.02109,-0.0018670576735091426,-0.3035200913310985
2022-07-25,1.02116,1.0258,1.01785,1.02188,0.0007736830250024695,-0.2443304164777531
2022-07-26,1.02185,1.02502,1.01077,1.01155,-0.010108819039417516,-0.15613945679336055
2022-07-27,1.01134,1.0221,1.00964,1.01975,0.008106371410212088,-0.23833059673128645
2022-07-28,1.02003,1.02344,1.01142,1.01963,-0.00011767590095601577,-0.17711484642901437
2022-07-29,1.01956,1.02542,1.01461,1.02258,0.0028932063591695645,-0.2813669586400906
2022-08-01,1.02075,1.02752,1.02052,1.02617,0.0035107277670205495,-0.21929208097393016
2022-08-02,1.02603,1.02936,1.0163,1.01655,-0.009374665016517736,-0.19360746313716806
2022-08-03,1.01653,1.02104,1.01229,1.01661,5.9023166592897525e-05,-0.2781916579161484
2022-08-04,1.01672,1.02539,1.01539,1.02447,0.007731578481423584,-0.3236558738930011
2022-08-05,1.02437,1.02518,1.01416,1.01776,-0.006549728152117629,-0.20756771512131073
2022-08-08,1.01711,1.02219,1.01594,1.01943,0.0016408583556044576,-0.2784174050889732
2022-08-09,1.01945,1.02475,1.01884,1.02126,0.0017951208028015309,-0.29310087417454117
2022-08-10,1.02122,1.03688,1.02021,1.02988,0.00844055382566622,-0.23904648935331269
2022-08-11,1.02983,1.03645,1.02757,1.03194,0.0020002330368589227,-0.10162935326861455
2022-08-12,1.03174,1.03273,1.02385,1.0256,-0.006143768048530007,-0.12047931724495738
2022-08-15,1.02545,1.02684,1.01544,1.01596,-0.009399375975039037,-0.12641975649712744
2022-08-16,1.01579,1.01949,1.01224,1.01702,0.0010433481633136399,-0.19836718134309975
2022-08-17,1.01698,1.02031,1.01457,1.01807,0.0010324280741775826,-0.07345014826216775
2022-08-18,1.01776,1.0193,1.00792,1.00875,-0.009154576797273273,0.004141986956880184
2022-08-19,1.00866,1.00955,1.00321,1.00393,-0.0047781908302354514,-0.05649757118387453
2022-08-22,1.00348,1.00466,0.99263,0.9943,-0.009592302252149132,-0.11646410413583473
2022-08-23,0.99423,1.00179,0.99004,0.99695,0.0026651915920747893,-0.0781243825282001
2022-08-24,0.99682,0.9999,0.99101,0.99662,-0.00033100957921661234,-0.053736038091446746
2022-08-25,0.9964,1.00334,0.99491,0.99743,0.0008127470851477803,-0.07271093173413383
2022-08-26,0.99724,1.00901,0.99465,0.99646,-0.0009724993232608226,-0.034092598608514345
2022-08-29,0.99645,1.00293,0.99143,0.99972,0.0032715813981494257,-0.10729201877320209
2022-08-30,0.99927,1.00549,0.9982,1.00137,0.0016504621293962352,-0.13387636653534324
2022-08-31,1.00122,1.0079,0.99714,1.00545,0.004074418047275152,-0.22124326199393843
2022-09-01,1.0051,1.00545,0.9911,0.99442,-0.0109702123427321,-0.12776243753371974
2022-09-02,0.99442,1.00338,0.99404,0.99571,0.0012972385913396778,-0.3065228641925289
2022-09-05,0.99282,0.99443,0.98778,0.9931,-0.0026212451416577354,-0.2806207568807734
2022-09-06,0.99245,0.99865,0.9864,0.99031,-0.0028093847548081863,-0.30595024929243925
2022-09-07,0.99031,1.00107,0.98756,1.00057,0.010360392200422064,-0.22644349147868603
2022-09-08,0.99969,1.003,0.99308,0.99983,-0.000739578440289046,-0.19350841174351563
2022-09-09,0.99983,1.01134,0.99915,1.00455,0.004720802536431146,-0.2000009913925135
2022-09-12,1.01017,1.01979,1.00597,1.01211,0.007525757802000932,-0.17502788212217818
2022-09-13,1.01207,1.01873,0.99663,0.99686,-0.015067532185236931,-0.12549627968472613
2022-09-14,0.99674,1.00236,0.99551,0.99814,0.0012840318600406686,-0.17915338134329736
2022-09-15,0.99781,1.00181,0.99556,0.99966,0.0015228324683911332,-0.16426039789781804
2022-09-16,0.99975,1.00367,0.99444,1.00129,0.0016305543884920226,-0.24656553528195355
2022-09-19,1.00043,1.00291,0.99659,1.0024,0.001108569944771265,-0.16711143042631593
2022-09-20,1.00197,1.00506,0.99549,0.99711,-0.005277334397446043,-0.17437230615981514
2022-09-21,0.99697,0.99753,0.98127,0.98372,-0.013428809258757779,-0.2437309448445361
2022-09-22,0.98362,0.99074,0.98075,0.98395,0.0002338063676654567,-0.5250394186041625
2022-09-23,0.98283,0.9852,0.96678,0.9688,-0.015397123837593396,-0.5673039884073974
2022-09-26,0.96714,0.9709,0.95524,0.96087,-0.008185383980181649,-0.6788721247062793
2022-09-27,0.96084,0.96711,0.95691,0.95924,-0.0016963793229053392,-0.6642349673943255
2022-09-28,0.95923,0.97509,0.95357,0.97347,0.014834660773112018,-0.6694797105182448
2022-09-29,0.97315,0.98151,0.96355,0.98147,0.008218024181536165,-0.38626216208742914
2022-09-30,0.98144,0.98539,0.97348,0.9799,-0.0015996413542950227,-0.21800726959806185
2022-10-03,0.97747,0.98447,0.97526,0.98246,0.0026125114807633576,-0.19201127916804242
2022-10-04,0.98239,0.99996,0.9806,0.99842,0.01624493618060785,-0.0941822692388987
2022-10-05,0.99835,0.99949,0.98345,0.98752,-0.010917249253821093,0.016060887200958687
2022-10-06,0.98747,0.99263,0.97881,0.97911,-0.00851628321451714,-0.05763228159109886
2022-10-07,0.97879,0.98168,0.97259,0.97381,-0.005413079225010553,-0.11652694483185304
2022-10-10,0.97312,0.97533,0.96819,0.97029,-0.0036146681590863983,-0.14591386909317702
2022-10-11,0.97005,0.97747,0.96706,0.97075,0.0004740850673510266,-0.18711381619131187
2022-10-12,0.9705,0.97343,0.96678,0.97023,-0.000535668297707903,-0.19772948600036333
2022-10-13,0.9701,0.98061,0.96314,0.97774,0.007740432680910736,-0.224832933528343
2022-10-14,0.97717,0.98082,0.9707,0.97234,-0.005522940659070996,-0.10030696549174191
2022-10-17,0.97184,0.98522,0.97176,0.98408,0.012073965896702843,-0.13570541268129913
2022-10-18,0.98387,0.98757,0.98127,0.98576,0.0017071782781887812,-0.04490621976674337
2022-10-19,0.98545,0.98724,0.97574,0.97722,-0.008663366336633671,-0.020913958424770795
2022-10-20,0.97713,0.98456,0.97544,0.97862,0.0014326354352143245,-0.13818072662134906
2022-10-21,0.97843,0.98692,0.9705,0.98626,0.007806911773722058,-0.1309628859463708
2022-10-24,0.98619,0.98992,0.9807,0.98737,0.0011254638736235556,-0.10724895321509104
2022-10-25,0.98712,0.99769,0.98482,0.99644,0.00918601942534214,-0.15846549482596262
2022-10-26,0.9962,1.00889,0.99433,1.00826,0.011862229537152214,0.0029762733591952167
2022-10-27,1.00746,1.00933,0.99574,0.99634,-0.011822347410390122,0.06271518330559239
2022-10-28,0.99631,0.99981,0.99265,0.99657,0.00023084489230584815,-0.012470542282601261
2022-10-31,0.99554,0.99659,0.98711,0.98827,-0.008328566984757702,-0.020355245800338366
2022-11-01,0.98827,0.9954,0.98531,0.98748,-0.0007993766885566744,-0.06856665093613125
2022-11-02,0.98741,0.99761,0.98128,0.98169,-0.005863409891845972,-0.0451912883448508
2022-11-03,0.98149,0.98398,0.97302,0.97491,-0.0069064572319162965,-0.005699188408679574
2022-11-04,0.97492,0.99667,0.97421,0.99594,0.021571221958950115,-0.04020537744710125
2022-11-07,0.99007,1.00341,0.98987,1.00217,0.006255396911460487,0.12267771633580235
2022-11-08,1.00169,1.00964,0.99717,1.00729,0.005108913657363434,0.18664636197091838
2022-11-09,1.00715,1.00882,0.99927,1.0012,-0.0060459252052535994,0.22044014401450407
2022-11-10,1.00094,1.0222,0.99355,1.02093,0.01970635237714724,0.13656709234469985
2022-11-11,1.02062,1.03642,1.01629,1.0352999999999999,0.01407540183949929,0.17299200521601563
2022-11-14,1.03393,1.03588,1.02714,1.0326,-0.002607939727615083,0.22902493570020055
2022-11-15,1.03256,1.04819,1.02801,1.03482,0.0021499128413713375,0.1992931887429411
2022-11-16,1.03466,1.04387,1.03305,1.03941,0.0044355540093927726,0.16086024267609716
2022-11-17,1.03933,1.04067,1.03053,1.03636,-0.0029343569909853207,0.23347636683775463
2022-11-18,1.03583,1.0396,1.03134,1.032,-0.004207032305376446,0.2583938768675947
2022-11-21,1.03195,1.03332,1.02228,1.02406,-0.007693798449612488,0.26377762523921444
2022-11-22,1.02384,1.03082,1.02375,1.03035,0.006142218229400642,0.2455685400852913
2022-11-23,1.03012,1.04052,1.02963,1.03941,0.00879312854855141,0.2592931307565217
2022-11-24,1.03941,1.04485,1.03819,1.04114,0.0016644057686572289,0.29705682498061176
2022-11-25,1.04067,1.04293,1.03548,1.03939,-0.0016808498376778003,0.28345510018405506
2022-11-28,1.03664,1.04969,1.03302,1.03381,-0.00536853346674504,0.3004897024983279
2022-11-29,1.03368,1.03941,1.03199,1.03287,-0.0009092579874444562,0.23140359269303823
2022-11-30,1.03276,1.04288,1.02899,1.04055,0.007435592088065324,0.20936996220386053
2022-12-01,1.0408,1.05335,1.0393,1.05247,0.011455480274854546,0.2803601169191979
2022-12-02,1.05194,1.05449,1.04281,1.05407,0.0015202333558201886,0.3010040155821443
2022-12-05,1.05306,1.0594999999999999,1.04803,1.04908,-0.004734030946711321,0.2884199576240165
2022-12-06,1.04914,1.05329,1.04593,1.04642,-0.002535554962443398,0.2500277544298538
2022-12-07,1.04641,1.05498,1.04431,1.05036,0.003765218554691252,0.20411207946372636
2022-12-08,1.05031,1.05651,1.04895,1.05523,0.004636505579039607,0.18315319261589938
2022-12-09,1.05536,1.05881,1.05043,1.05334,-0.0017910787221742108,0.26154659951194786
2022-12-12,1.05276,1.05803,1.05058,1.05378,0.0004177188751970373,0.2371608994709393
2022-12-13,1.05351,1.06734,1.0528,1.06319,0.008929757634420943,0.2912398222819754
2022-12-14,1.06319,1.06951,1.0619,1.06819,0.004702828280928051,0.3309155782949265
2022-12-15,1.06811,1.07363,1.05922,1.06259,-0.005242513036070373,0.38572131707821056
2022-12-16,1.06236,1.06631,1.05849,1.05891,-0.0034632360552987462,0.3932410714939998
2022-12-19,1.05812,1.0658,1.05756,1.06064,0.0016337554655259101,0.31586321363920733
2022-12-20,1.06031,1.06587,1.05788,1.06218,0.0014519535374866166,0.30498687648703215
2022-12-21,1.06232,1.06451,1.05904,1.0604,-0.001675798828823627,0.2956884933748425
2022-12-22,1.0602800000000001,1.06595,1.05733,1.05971,-0.0006506978498680427,0.31975087950844355
2022-12-23,1.05948,1.0633,1.05865,1.06163,0.0018118164403471138,0.24173464797472383
2022-12-26,1.06282,1.06366,1.06141,1.06352,0.0017802812656009248,0.1913295317766554
2022-12-27,1.06356,1.06696,1.06116,1.0639,0.00035730404693845585,0.23250329822879295
2022-12-28,1.06389,1.06744,1.06063,1.06115,-0.002584829401259592,0.2240584581275707
2022-12-29,1.06091,1.06904,1.06055,1.0661,0.004664750506526039,0.16863918926853108
2022-12-30,1.06607,1.0713300000000001,1.06386,1.06976,0.003433073820467092,0.22794517504249082
2023-01-02,1.07016,1.07017,1.06499,1.06665,-0.002907194137002689,0.29169793474430217
2023-01-03,1.06642,1.0683,1.05196,1.0547,-0.011203300051563447,0.33019814561444555
2023-01-04,1.05465,1.06354,1.05402,1.0603,0.005309566701431789,0.19624806079281423
2023-01-05,1.06015,1.06315,1.0515,1.05207,-0.007761954163915785,0.17638702781416732
2023-01-06,1.05205,1.06481,1.04832,1.06427,0.01159618656553274,0.09096165610983498
2023-01-09,1.06394,1.07607,1.0636,1.07318,0.008371935693010313,0.18213070051051328
2023-01-10,1.07293,1.07593,1.07121,1.07334,0.00014908962149862148,0.27245861592299914
2023-01-11,1.07329,1.07765,1.07252,1.07556,0.002068310134719864,0.29511602124286207
2023-01-12,1.07535,1.0867,1.07302,1.08515,0.008916285469894758,0.27185947326076304
2023-01-13,1.08497,1.08678,1.07805,1.08323,-0.0017693406441506854,0.2597051536353213
2023-01-16,1.08295,1.08742,1.08016,1.0821,-0.0010431764260590004,0.22441766770964808
2023-01-17,1.08197,1.08694,1.07745,1.07876,-0.0030865908880880477,0.25434499609457073
2023-01-18,1.07879,1.08874,1.07661,1.07936,0.0005561941488376743,0.24987691614008298
2023-01-19,1.07903,1.08401,1.07822,1.08294,0.0033167803142601926,0.2340046720748035
2023-01-20,1.08291,1.08591,1.08024,1.08557,0.0024285740668918976,0.22705159811144285
2023-01-23,1.08622,1.09267,1.08464,1.08715,0.0014554565804141273,0.26874085726026775
2023-01-24,1.08705,1.0898,1.08352,1.08879,0.0015085314813962913,0.2739284498328644
2023-01-25,1.08856,1.09236,1.08574,1.09147,0.0024614480294640195,0.23321533659329396
2023-01-26,1.09152,1.09294,1.08506,1.08917,-0.0021072498556992114,0.2190411902939602
2023-01-27,1.0890900000000001,1.09003,1.08378,1.08673,-0.0022402379793787786,0.2504245643141949
2023-01-30,1.08618,1.09138,1.08393,1.085,-0.0015919317585785242,0.26266653694440983
2023-01-31,1.0848,1.0875,1.08017,1.0861399999999999,0.001050691244239621,0.22403785448155997
2023-02-01,1.08607,1.1001400000000001,1.08523,1.09886,0.011711197451525601,0.22157429134194487
2023-02-02,1.0987,1.10329,1.08853,1.09099,-0.007161967857597928,0.3125620872681675
2023-02-03,1.09081,1.09402,1.07923,1.07932,-0.010696706660922484,0.2560309404624183
2023-02-06,1.078,1.07989,1.07095,1.07249,-0.006328058407145343,0.14322924395888625
2023-02-07,1.07242,1.07664,1.06692,1.07267,0.000167833732715561,0.07249533679219988
2023-02-08,1.07233,1.07609,1.07094,1.07129,-0.001286509364482935,0.07114162362399443
2023-02-09,1.07095,1.07908,1.07083,1.07386,0.0023989769343502054,0.08177857952762954
2023-02-10,1.07361,1.07529,1.06664,1.06782,-0.005624569310710981,0.06535639050330794
2023-02-13,1.06803,1.073,1.06555,1.07243,0.004317207019909786,-0.011274966878217184
2023-02-14,1.07188,1.08045,1.07068,1.07352,0.0010163833536920297,0.049178286775032956
2023-02-15,1.0735999999999999,1.07445,1.06606,1.06864,-0.004545793278187604,0.15786788883713745
2023-02-16,1.06862,1.07225,1.06546,1.0671599999999999,-0.0013849378649499755,0.0736055705978371
2023-02-17,1.0672,1.06985,1.06128,1.06935,0.0020521758686609104,0.13052132103955336
2023-02-20,1.06848,1.07047,1.06704,1.06853,-0.0007668209660074421,0.05336095337416831
2023-02-21,1.06837,1.06983,1.06375,1.06465,-0.003631156822924808,-0.04749672696678256
2023-02-22,1.06445,1.0664,1.05992,1.06045,-0.003944958437045232,-0.08628312359697392
2023-02-23,1.06036,1.06278,1.05771,1.05971,-0.0006978169644962229,-0.14909434148658698
2023-02-24,1.05926,1.06143,1.05362,1.05446,-0.004954185579073456,-0.2952477807757073
2023-02-27,1.05459,1.06199,1.0533,1.06096,0.006164292623712653,-0.3353186681143501
2023-02-28,1.06084,1.06454,1.05739,1.05741,-0.0033460262403860463,-0.22345976121173577
2023-03-01,1.05751,1.06916,1.05654,1.06694,0.00901258735968069,-0.22644135501041177
2023-03-02,1.06683,1.06728,1.05765,1.05972,-0.006767015952162225,-0.10697664271957598
2023-03-03,1.05966,1.06387,1.05884,1.06328,0.0033593779488920728,-0.2020588638010039
2023-03-06,1.06228,1.06945,1.06217,1.0683,0.004721239936799293,-0.18938803722935524
2023-03-07,1.06819,1.06945,1.0546,1.05495,-0.012496489750070228,-0.14866729297921213
2023-03-08,1.05485,1.0574,1.05244,1.05442,-0.0005023934783640049,-0.25716975599652037
2023-03-09,1.05434,1.05913,1.0538,1.05814,0.0035280059179456646,-0.27200019696407596
2023-03-10,1.05815,1.07008,1.0574,1.06381,0.005358459183094633,-0.23004141319642588
2023-03-13,1.06934,1.07486,1.06504,1.07286,0.008507158233143075,-0.1648460340422998
2023-03-14,1.07274,1.07496,1.0679,1.07309,0.0002143802546465956,-0.07931617636678835
2023-03-15,1.0731,1.07599,1.0516,1.05766,-0.014379036241135457,-0.08661853907256366
2023-03-16,1.05757,1.06357,1.05507,1.06115,0.003299737155607607,-0.32144252482225083
2023-03-17,1.06115,1.06854,1.06081,1.06653,0.005069971257597894,-0.23484887151563927
2023-03-20,1.0683,1.07309,1.06313,1.07177,0.0049131294947164506,-0.09687794138369007
2023-03-21,1.07177,1.07886,1.07041,1.07667,0.0045718764287114855,-0.0018869743773641194
2023-03-22,1.07667,1.09125,1.07592,1.08574,0.008424122525936273,0.03252123668242619
2023-03-23,1.08574,1.09299,1.08242,1.0832,-0.002339418276935512,0.10229940173570996
2023-03-24,1.0832,1.08384,1.07124,1.07601,-0.006637740029542094,0.06547321482310953
2023-03-27,1.07706,1.08001,1.07451,1.07977,0.0034943913160658813,0.058223020825930845
2023-03-28,1.07974,1.08486,1.07934,1.08444,0.004324995137853671,0.052919227507231825
2023-03-29,1.08454,1.08717,1.08178,1.08444,0.0,0.07355787171630727
2023-03-30,1.08432,1.09263,1.08237,1.0905,0.005588137656301839,0.1050373851863398
2023-03-31,1.09044,1.09257,1.08363,1.08429,-0.005694635488308175,0.15188791423517817
2023-04-03,1.08398,1.09167,1.07882,1.0903100000000001,0.005552020215993991,0.09530368978792925
2023-04-04,1.09015,1.09733,1.0883,1.0956,0.0048518311305956185,0.13631640786404325
2023-04-05,1.09547,1.09696,1.08911,1.09056,-0.004600219058050303,0.19259480989570146
2023-04-06,1.09063,1.09377,1.08846,1.09192,0.0012470657276995034,0.18827230659958447
2023-04-07,1.09198,1.0924,1.08757,1.08984,-0.0019049014579823886,0.20940322042280074
2023-04-10,1.0895299999999999,1.09173,1.08313,1.08613,-0.003404169419364167,0.2303485030602552
2023-04-11,1.08599,1.09282,1.08458,1.09131,0.004769226519845571,0.16713293567366683
2023-04-12,1.09122,1.10004,1.0906,1.09914,0.007174863237760176,0.22375198754407466
2023-04-13,1.09903,1.10678,1.09766,1.10473,0.005085794348308692,0.21529185930146616
2023-04-14,1.10462,1.10759,1.09724,1.09946,-0.004770396386447273,0.2983816539801335
2023-04-17,1.09886,1.09998,1.09093,1.09287,-0.005993851527113403,0.2371917280613795
2023-04-18,1.09269,1.0983,1.09202,1.09723,0.00398949554841832,0.16226951883990506
2023-04-19,1.09728,1.0984,1.09174,1.09558,-0.0015037868085997497,0.2797469168392561
2023-04-20,1.09545,1.09898,1.09335,1.09698,0.001277861954398718,0.2726973068399489
2023-04-21,1.09698,1.09938,1.09379,1.09894,0.0017867235501103362,0.2634458966654023
2023-04-24,1.09885,1.10501,1.09659,1.10446,0.005023022185014714,0.24774472645036066
2023-04-25,1.10457,1.1067,1.09641,1.09746,-0.006337938902268858,0.2310888161727236
2023-04-26,1.0973,1.10956,1.09604,1.10416,0.006105006105006083,0.1706386777280479
2023-04-27,1.10382,1.10635,1.09922,1.10284,-0.0011954789160990575,0.31730753070671747
2023-04-28,1.10281,1.1045,1.09624,1.10163,-0.0010971673134815285,0.2801240754865781
2023-05-01,1.10119,1.10357,1.09644,1.09759,-0.003667293011265116,0.23701744614380285
2023-05-02,1.09755,1.1008,1.09422,1.09993,0.0021319436219353616,0.17557425821625217
2023-05-03,1.09983,1.10916,1.09969,1.106,0.005518532997554448,0.16324966085973275
2023-05-04,1.10606,1.10918,1.09862,1.10138,-0.004177215189873462,0.1474178467169409
2023-05-05,1.10105,1.10479,1.09667,1.10182,0.0003994988105830988,0.13298696916410785
2023-05-08,1.10226,1.10538,1.10001,1.10043,-0.001261549073351409,0.19884104987055523
2023-05-09,1.10033,1.1005,1.09411,1.09604,-0.003989349617876781,0.15810455177522392
2023-05-10,1.09606,1.1007,1.09417,1.0983,0.0020619685412941458,0.09010650389829111
2023-05-11,1.09818,1.09981,1.09002,1.09165,-0.006054811982154296,0.11052361391312936
2023-05-12,1.09149,1.09356,1.08478,1.08498,-0.00611001694682356,0.011602402094857567
2023-05-15,1.0853,1.0890900000000001,1.08454,1.08741,0.002239672620693467,0.007957096966826355
2023-05-16,1.0873599999999999,1.09047,1.08549,1.08616,-0.001149520420080763,-0.022414520402960738
2023-05-17,1.08617,1.0873599999999999,1.08103,1.08381,-0.0021635854754364914,-0.08037713185865056
2023-05-18,1.08377,1.0848,1.07625,1.07711,-0.0061818953506610486,-0.057081087417950156
2023-05-19,1.07686,1.08288,1.07599,1.08048,0.0031287426539536867,-0.12207591104737335
2023-05-22,1.08045,1.08314,1.07956,1.08131,0.0007681771064711462,-0.07701321456330741
2023-05-23,1.0811,1.08205,1.07602,1.07709,-0.0039026736088632052,-0.040743139804158994
2023-05-24,1.07693,1.08014,1.0748199999999999,1.07505,-0.0018939921455032316,-0.12858438925882057
2023-05-25,1.07486,1.07566,1.07074,1.07251,-0.0023626808055439152,-0.24052695865518714
2023-05-26,1.07242,1.07587,1.07018,1.07258,6.526745671364687e-05,-0.3413535493457977
2023-05-29,1.07178,1.07436,1.07055,1.07093,-0.0015383467899832137,-0.3083550021800869
2023-05-30,1.0708199999999999,1.07467,1.06726,1.07346,0.0023624326519942063,-0.2523855106374954
2023-05-31,1.0733,1.07356,1.06353,1.06885,-0.004294524248691145,-0.28632973684934804
2023-06-01,1.06872,1.07686,1.06619,1.07615,0.00682977031388865,-0.3231220051509255
2023-06-02,1.07617,1.07791,1.07052,1.0706,-0.005157273614273095,-0.2138120677971998
2023-06-05,1.07071,1.07225,1.06747,1.07125,0.0006071361853166035,-0.2828110886622032
2023-06-06,1.07109,1.07329,1.06671,1.06923,-0.0018856476079347484,-0.37639858559571726
2023-06-07,1.06915,1.07398,1.06683,1.06982,0.0005517989581287353,-0.3211217751831052
2023-06-08,1.06975,1.07871,1.06913,1.07814,0.007777009216503705,-0.47130168586700166
2023-06-09,1.07823,1.07851,1.0743,1.07495,-0.0029587994138052798,-0.28240047118118217
2023-06-12,1.07448,1.07902,1.0733,1.07579,0.0007814316944974031,-0.30582269950706603
2023-06-13,1.07567,1.08236,1.07509,1.07925,0.0032162410879446046,-0.2631007871524056
2023-06-14,1.07923,1.0864,1.0774,1.08308,0.003548760713458332,-0.24130691339040447
2023-06-15,1.08303,1.09528,1.08039,1.09454,0.01058093584961406,-0.28191936815625857
2023-06-16,1.09425,1.09706,1.09176,1.09406,-0.00043854039139734624,-0.0666293110575401
2023-06-19,1.09273,1.09463,1.09073,1.09225,-0.00165438824196118,-0.07153000871747713
2023-06-20,1.0919699999999999,1.09463,1.08918,1.09178,-0.00043030441748681536,-0.07564788028866458
2023-06-21,1.09176,1.09908,1.09056,1.09856,0.006210042316217468,-0.03834077798742889
2023-06-22,1.09856,1.10122,1.09486,1.09551,-0.0027763617826973563,0.004702559585624865
2023-06-23,1.09551,1.09586,1.08444,1.08898,-0.005960694105941466,0.036139267414782975
2023-06-26,1.09047,1.09202,1.08873,1.09053,0.00142335029109808,0.03757110814300504
2023-06-27,1.09052,1.09769,1.09018,1.09599,0.005006739842095209,0.030250893736135376
2023-06-28,1.09603,1.09626,1.08968,1.09124,-0.00433398114946304,0.08757574069559979
2023-06-29,1.09123,1.09415,1.08602,1.08631,-0.004517796268465157,0.06704524016439938
2023-06-30,1.08632,1.0931899999999999,1.08354,1.0909200000000001,0.004243724167134699,0.08278651144495353
2023-07-03,1.0909,1.0934,1.08702,1.09103,0.00010083232501001405,0.09140539304702572
2023-07-04,1.09102,1.09163,1.08767,1.08784,-0.0029238426074443824,0.08629009319165956
2023-07-05,1.0879,1.09079,1.0851,1.08534,-0.002298132078246806,0.09547142997616292
2023-07-06,1.08533,1.09007,1.08336,1.08883,0.0032155822138684176,0.09168063787292256
2023-07-07,1.08853,1.09734,1.08671,1.0968,0.00731978362095087,0.1448656374272519
2023-07-10,1.0959,1.10015,1.09436,1.10007,0.0029814004376369496,0.1890541114034481
2023-07-11,1.10008,1.1027,1.09769,1.10079,0.0006545038043033191,0.23026491878146385
2023-07-12,1.10074,1.11404,1.09972,1.11292,0.011019358824117198,0.22143234841922096
2023-07-13,1.1125099999999999,1.12279,1.1125099999999999,1.12252,0.008625956942098334,0.32128431137553154
2023-07-14,1.12257,1.1245,1.12028,1.12303,0.0004543348893562005,0.327713747434824
2023-07-17,1.12288,1.12488,1.12033,1.12314,9.794929788164985e-05,0.3892921538026784
2023-07-18,1.12314,1.12758,1.12089,1.1228,-0.0003027227237922814,0.387695148412176
2023-07-19,1.12263,1.12402,1.11744,1.11986,-0.0026184538653366562,0.40057938550754774
2023-07-20,1.11991,1.1229,1.11185,1.1129,-0.006215062597110466,0.3575859409988476
2023-07-21,1.11291,1.11449,1.1108,1.11246,-0.00039536346482160756,0.2614057510247518
2023-07-24,1.11213,1.1147,1.10603,1.10641,-0.005438397785089033,0.28231240468646973
2023-07-25,1.10636,1.10869,1.10206,1.10497,-0.0013015066747407156,0.22044182981966856
2023-07-26,1.105,1.11065,1.10378,1.10852,0.0032127569074273943,0.18231918362811234
2023-07-27,1.10856,1.11497,1.09659,1.09765,-0.009805867282502767,0.1806807113891252
2023-07-28,1.09762,1.10477,1.09437,1.10141,0.0034254999316722934,0.026981606684220755
2023-07-31,1.1023,1.10459,1.09932,1.09964,-0.001607030987552327,0.060516649354967714
2023-08-01,1.09966,1.10029,1.09525,1.09842,-0.0011094540031283406,0.060924959163401134
2023-08-02,1.09816,1.10187,1.09178,1.09379,-0.004215145390651931,0.0550693950967708
2023-08-03,1.09371,1.09628,1.09124,1.0948,0.0009233948015614502,-0.03639153701994642
2023-08-04,1.0949,1.10421,1.09293,1.10055,0.005252100840336116,-0.0032091984430605664
2023-08-07,1.10111,1.1016,1.09655,1.10021,-0.00030893644087048866,0.10006923993221879
2023-08-08,1.10026,1.10112,1.09292,1.09556,-0.004226465856518091,0.08085611003923773
2023-08-09,1.09556,1.09954,1.09445,1.09734,0.0016247398590674145,-0.0008239809474955164
2023-08-10,1.09739,1.10653,1.09651,1.09805,0.0006470191554122096,0.055197826924548554
2023-08-11,1.09799,1.10049,1.0943100000000001,1.09451,-0.003223896908155277,0.10937074637789372
2023-08-14,1.0949200000000001,1.09602,1.08744,1.09052,-0.003645466921270879,0.03596932499856729
2023-08-15,1.09028,1.09525,1.08967,1.09043,-8.25294354985795e-05,-0.0017114067437902277
2023-08-16,1.09042,1.09346,1.08716,1.08788,-0.002338527003108881,0.025100093188106756
2023-08-17,1.08789,1.09185,1.08561,1.08717,-0.0006526455123726516,0.024718914324797347
2023-08-18,1.08716,1.08938,1.08451,1.08696,-0.00019316206297081973,-0.011702117608796764
2023-08-21,1.08671,1.09137,1.08634,1.08949,0.0023275925517038942,-0.09004975145531777
2023-08-22,1.08949,1.09305,1.08329,1.08452,-0.0045617674324685,-0.09842285094648738
2023-08-23,1.08448,1.08715,1.08026,1.08627,0.0016136170840557185,-0.14264439348425373
2023-08-24,1.08631,1.08767,1.0805,1.08096,-0.004888287442348704,-0.312488559658976
2023-08-25,1.08086,1.0842,1.07656,1.07944,-0.001406157489638793,-0.6393189007138796
2023-08-28,1.07958,1.08223,1.07928,1.08182,0.002204846957681861,-0.618240878924997
2023-08-29,1.08186,1.0892,1.07822,1.08793,0.005647889667412365,-0.5271199805138362
2023-08-30,1.08796,1.09455,1.08551,1.09227,0.003989227248076599,-0.388830596758598
2023-08-31,1.09228,1.09394,1.08353,1.08427,-0.007324196398326377,-0.2939514511353073
2023-09-01,1.08428,1.08818,1.07715,1.07728,-0.006446733747129452,-0.3071260451849438
2023-09-04,1.07738,1.08089,1.07712,1.07934,0.0019122233773949393,-0.37900587323277757
2023-09-05,1.07961,1.07983,1.07062,1.07209,-0.0067170678377527215,-0.29964842122658963
2023-09-06,1.0722,1.07489,1.07024,1.07268,0.0005503269315076942,-0.36573031377131676
2023-09-07,1.07233,1.07318,1.06861,1.06948,-0.002983182309728938,-0.4334197671819834
2023-09-08,1.06965,1.0743800000000001,1.06924,1.06993,0.00042076523170142544,-0.3428084835596174
2023-09-11,1.07147,1.07594,1.0698,1.075,0.004738627760694447,-0.42512623540506544
2023-09-12,1.07427,1.07688,1.07055,1.07529,0.00026976744186058,-0.305708540137633
2023-09-13,1.07538,1.07647,1.07107,1.07283,-0.0022877549312280143,-0.3064225276387072
2023-09-14,1.07281,1.07522,1.06319,1.0642,-0.008044144925104524,-0.2784216250952151
2023-09-15,1.06426,1.06879,1.06314,1.06591,0.0016068408193947725,-0.39074043051803337
2023-09-18,1.06587,1.06989,1.06546,1.06907,0.0029646030152639113,-0.49976341782163547
2023-09-19,1.06913,1.07181,1.06691,1.0679,-0.0010944091593627636,-0.4358667547432356
2023-09-20,1.06775,1.0737,1.06501,1.06608,-0.0017042794269127581,-0.3879729777242401
2023-09-21,1.06597,1.06736,1.06164,1.06604,-3.752063634987479e-05,-0.4304464957379563
2023-09-22,1.0658,1.06718,1.06149,1.0642800000000001,-0.0016509699448425952,-0.41613056964762063
2023-09-25,1.06498,1.06552,1.05753,1.05919,-0.00478257601383103,-0.39385614221079396
2023-09-26,1.05928,1.06091,1.05618,1.05719,-0.0018882353496539883,-0.4099588949518644
2023-09-27,1.05682,1.0574,1.04881,1.05015,-0.006659162496807758,-0.43552973599867023
2023-09-28,1.05009,1.0579,1.04909,1.0564,0.005951530733704802,-0.49671482852368287
2023-09-29,1.05646,1.0617,1.05544,1.05735,0.0008992805755396738,-0.36077573953323194
2023-10-02,1.05651,1.05917,1.04768,1.04768,-0.009145505272615595,-0.36404703501342256
2023-10-03,1.0477,1.04934,1.0448,1.04655,-0.0010785736102625343,-0.5137709654714622
2023-10-04,1.04665,1.05323,1.04514,1.05037,0.003650088385648065,-0.4677103959800765
2023-10-05,1.05061,1.05517,1.05002,1.05489,0.004303245523006316,-0.4149910734613169
2023-10-06,1.05399,1.06002,1.04822,1.05852,0.003441117083297529,-0.2880620860832979
2023-10-09,1.05491,1.05744,1.05196,1.05657,-0.0018421947624984725,-0.2267186681606039
2023-10-10,1.05605,1.06199,1.05545,1.06052,0.003738512356019852,-0.26997917874054017
2023-10-11,1.05952,1.06348,1.05809,1.06182,0.0012258137517444645,-0.30657323476615045
2023-10-12,1.06198,1.06398,1.05258,1.05272,-0.008570190804467748,-0.3664727939425765
2023-10-13,1.0528,1.05586,1.04954,1.0507,-0.0019188388175394033,-0.382772747563043
2023-10-16,1.05084,1.05627,1.05023,1.05592,0.0049681164937660505,-0.32353935374771897
2023-10-17,1.05599,1.05947,1.05327,1.05769,0.0016762633532843019,-0.2611879419430841
2023-10-18,1.05765,1.0594,1.05229,1.05354,-0.003923644924316294,-0.1643691629414147
2023-10-19,1.05363,1.06164,1.05281,1.05814,0.004366231941834275,-0.2079163788905012
2023-10-20,1.05795,1.06033,1.05647,1.05931,0.0011057137996861588,-0.11767308096866116
2023-10-23,1.05918,1.06778,1.05714,1.06693,0.007193361716589131,-0.10825169810119538
2023-10-24,1.06686,1.06947,1.05829,1.05886,-0.0075637576973185405,-0.07672549995727229
2023-10-25,1.05895,1.06065,1.05653,1.05664,-0.0020965944506354806,-0.14965054060645697
2023-10-26,1.05668,1.0569,1.05218,1.05615,-0.00046373410054523223,-0.14775614984047789
2023-10-27,1.05564,1.05969,1.05353,1.0564,0.00023670880083326296,-0.07263465912304194
2023-10-30,1.05647,1.0625,1.0547,1.0614,0.004733055660734564,-0.08879617528091703
2023-10-31,1.0614,1.06749,1.05575,1.05752,-0.003655549274542924,-0.0681111976804278
2023-11-01,1.05769,1.05804,1.05166,1.05687,-0.0006146455858990763,-0.09327908307031342
2023-11-02,1.05683,1.06675,1.05683,1.062,0.004853955547986066,-0.08257143788330107
2023-11-03,1.062,1.07466,1.06145,1.07292,0.010282485875706238,-0.0335400881584818
2023-11-06,1.07215,1.07561,1.07157,1.07168,-0.0011557245647393355,0.07172610444057072
2023-11-07,1.07172,1.07221,1.0664,1.06993,-0.0016329501343683717,0.10261322456242278
2023-11-08,1.06992,1.07159,1.06593,1.07083,0.0008411765255669224,0.10478729350914903
2023-11-09,1.0706,1.07253,1.06599,1.06674,-0.0038194671423100734,0.17682818563071293
2023-11-10,1.06674,1.06926,1.0656,1.06845,0.0016030147927328375,0.09304224660460617
2023-11-13,1.06751,1.0706,1.06648,1.06981,0.0012728719172634406,0.09836436893224819
2023-11-14,1.06916,1.08872,1.06916,1.08782,0.0168347650517382,0.20151245046562588
2023-11-15,1.08784,1.08855,1.08314,1.08461,-0.0029508558401205587,0.30712169728539607
2023-11-16,1.08462,1.0895299999999999,1.08299,1.08513,0.00047943500428715424,0.25315892466147794
2023-11-17,1.08519,1.09137,1.08247,1.09128,0.0056675237068370965,0.23574790158796255
2023-11-20,1.09008,1.09517,1.08973,1.09396,0.002455831683894072,0.24611326498865924
2023-11-21,1.09398,1.09649,1.09,1.09101,-0.0026966251051226964,0.2869569222660844
2023-11-22,1.09067,1.09227,1.08522,1.08882,-0.002007314323425158,0.23328529963576386
2023-11-23,1.08882,1.09304,1.08809,1.09018,0.001249058613912224,0.19834080013648275
2023-11-24,1.08996,1.09485,1.08948,1.09362,0.0031554422205508637,0.28666163405328754
2023-11-27,1.09386,1.0959,1.09249,1.09534,0.0015727583621367724,0.3321203907912887
2023-11-28,1.09535,1.10087,1.09343,1.09922,0.0035422791096828554,0.3190483625529684
2023-11-29,1.09903,1.10169,1.096,1.09686,-0.002146976947290047,0.32638624852738995
2023-11-30,1.0969,1.09837,1.08793,1.08866,-0.007475885710117924,0.34130668781031054
2023-12-01,1.08845,1.09128,1.08289,1.08823,-0.00039498098579904273,0.24328820151289055
2023-12-04,1.08738,1.08944,1.0804,1.08351,-0.004337318397765189,0.22068311102280364
2023-12-05,1.08353,1.08474,1.07782,1.07956,-0.0036455593395537944,0.13412627825809464
2023-12-06,1.07957,1.08048,1.07587,1.07636,-0.0029641705880174563,0.16745542226297983
2023-12-07,1.07628,1.08175,1.07552,1.07934,0.0027685904344272316,0.16007560955883135
2023-12-08,1.0792,1.08006,1.07235,1.07573,-0.0033446365371430087,0.19107547783430842
2023-12-11,1.07583,1.07789,1.07415,1.07642,0.0006414248928632293,0.15061904991094963
2023-12-12,1.07643,1.08282,1.07548,1.07938,0.00274985600416211,0.1256361328874029
2023-12-13,1.0794,1.08966,1.07732,1.08741,0.0074394559839907615,0.184831933724559
2023-12-14,1.0873599999999999,1.10092,1.0866,1.09917,0.010814688112119608,0.24241574546129865
2023-12-15,1.09918,1.10039,1.08885,1.08939,-0.008897622751712575,0.2687583334927497
2023-12-18,1.08968,1.09312,1.08918,1.09228,0.0026528607752960287,0.13203179783075172
2023-12-19,1.09235,1.09876,1.09108,1.09798,0.00521844215768863,0.16745167291299268
2023-12-20,1.09803,1.09833,1.0929,1.09397,-0.003652161241552543,0.22219494903089598
2023-12-21,1.09382,1.10121,1.09348,1.10098,0.006407853963088517,0.1760549969340023
2023-12-22,1.10101,1.10405,1.09838,1.10132,0.000308815782303018,0.2509890581455736
2023-12-25,1.10119,1.10162,1.10119,1.10135,2.7240039225606694e-05,0.2449850984860837
2023-12-26,1.10028,1.10451,1.09998,1.10415,0.0025423344077721843,0.2390080764209427
2023-12-27,1.10414,1.11229,1.10284,1.11043,0.005687633020875937,0.15257625027626548
2023-12-28,1.1105,1.11396,1.1055,1.10609,-0.003908395846654034,0.23072123183731857
2023-12-29,1.10602,1.10847,1.10334,1.1036,-0.0022511730510176298,0.17962849931310776
2024-01-02,1.10437,1.10451,1.09374,1.09407,-0.00863537513591861,0.11012694963748589
2024-01-03,1.09425,1.09655,1.08925,1.09212,-0.0017823356823604142,0.00395019182023516
2024-01-04,1.09205,1.09723,1.09056,1.09435,0.0020419001574918383,0.012538284441373289
2024-01-05,1.09443,1.09988,1.08769,1.09408,-0.00024672179832774255,0.05186882261257694
2024-01-08,1.09331,1.09789,1.09225,1.09496,0.0008043287510968167,0.03602019579355319
2024-01-09,1.09525,1.09664,1.09101,1.09305,-0.0017443559582084323,0.014846167637549071
2024-01-10,1.09305,1.0973,1.09228,1.09718,0.0037784181876401313,-0.016589399547166324
2024-01-11,1.09716,1.10004,1.09299,1.09716,-1.822854955446651e-05,-0.014325512295498702
2024-01-12,1.0962,1.09871,1.09358,1.09497,-0.001996062561522405,0.005427611203608478
2024-01-15,1.09472,1.0967500000000001,1.09335,1.09482,-0.00013699005452216806,0.05627609265055435
2024-01-16,1.09468,1.0951,1.08619,1.08748,-0.006704298423485078,0.05867004711345976
2024-01-17,1.08743,1.08846,1.08444,1.08823,0.0006896678559606961,0.03670632006253152
2024-01-18,1.08814,1.09069,1.08465,1.08757,-0.0006064894369757212,0.08102570658517967
2024-01-19,1.0876,1.08974,1.08591,1.08968,0.001940105004735404,0.10406673757443828
2024-01-22,1.08898,1.09096,1.08797,1.0882,-0.0013581969018426898,0.09744954613388467
2024-01-23,1.08816,1.09162,1.08215,1.08542,-0.002554677448998399,0.11716177941057729
2024-01-24,1.08547,1.09325,1.0841,1.0884,0.002745481011958484,0.08107280229406567
2024-01-25,1.0884,1.09021,1.08213,1.08455,-0.003537302462330194,0.08103828572218429
2024-01-26,1.08455,1.08857,1.08128,1.08533,0.0007191922917340055,-0.024228953737545102
2024-01-29,1.0844,1.08502,1.07957,1.08321,-0.0019533229524659745,-0.16357763738250233
2024-01-30,1.08314,1.08575,1.08116,1.08451,0.0012001366309395411,-0.07245604458137807
2024-01-31,1.08451,1.08876,1.07945,1.08174,-0.0025541488782954147,-0.09541590997399763
2024-02-01,1.08173,1.08749,1.07799,1.08709,0.0049457355741675535,-0.2211746443355347
2024-02-02,1.0871,1.08976,1.07803,1.07858,-0.007828238692288436,-0.0848031903312374
2024-02-05,1.07818,1.07863,1.07231,1.0742099999999999,-0.0040516234308073384,-0.32203144320939103
2024-02-06,1.07408,1.07625,1.07225,1.07539,0.0010984816749053383,-0.36495253374514947
2024-02-07,1.07536,1.07841,1.07468,1.07711,0.0015994197453945702,-0.335887270952914
2024-02-08,1.07711,1.07889,1.07414,1.07769,0.0005384779641819382,-0.3613502496141916
2024-02-09,1.07771,1.07953,1.07622,1.07844,0.0006959329677365123,-0.5387290704183724
2024-02-12,1.07785,1.08058,1.07557,1.07695,-0.001381625310633905,-0.47828726076418177
2024-02-13,1.07712,1.07977,1.07002,1.07084,-0.00567342959283168,-0.46175879522359975
2024-02-14,1.07083,1.07347,1.06945,1.07257,0.0016155541444100585,-0.4054577865861796
2024-02-15,1.07241,1.0785,1.07229,1.07714,0.004260794167280313,-0.3427983109558683
2024-02-16,1.07705,1.07874,1.07319,1.07769,0.0005106114339825663,-0.27535555520436095
2024-02-19,1.07722,1.07894,1.07618,1.07782,0.00012062838107440577,-0.27552257244550743
2024-02-20,1.07785,1.08389,1.07613,1.08068,0.002653504295708098,-0.2955623450542877
2024-02-21,1.08064,1.08245,1.07897,1.0818,0.0010363844986489568,-0.20596205524206349
2024-02-22,1.08181,1.08884,1.08027,1.0822,0.0003697541135143645,-0.28283594931362
2024-02-23,1.08222,1.08396,1.08116,1.08184,-0.00033265570134921596,-0.28813568889224683
2024-02-26,1.0830899999999999,1.08597,1.08125,1.08484,0.0027730533165719606,-0.2528850496273838
2024-02-27,1.08502,1.08661,1.08328,1.0843099999999999,-0.0004885513071053449,-0.18344024920160884
2024-02-28,1.08432,1.08468,1.07963,1.08369,-0.0005717921996475361,-0.057073597157406994
2024-02-29,1.08372,1.0856,1.07957,1.08038,-0.003054379019830522,-0.07999297714567266
2024-03-01,1.08045,1.08433,1.07963,1.0838700000000001,0.0032303448786539235,-0.12811862446930034
2024-03-04,1.084,1.0867,1.0829,1.0853,0.0013193464160830004,-0.09834991373411224
2024-03-05,1.08548,1.08765,1.08401,1.08545,0.0001382106330047872,-0.04865447760047122
2024-03-06,1.0856,1.09154,1.08417,1.08973,0.003943065088212405,0.0028882132657223696
2024-03-07,1.08975,1.09493,1.08676,1.09465,0.00451487983261889,0.025928879837526
2024-03-08,1.09472,1.09813,1.09183,1.0937000000000001,-0.0008678573059880401,0.16796954748762005
2024-03-11,1.09388,1.09483,1.09144,1.09249,-0.00110633628965906,0.13522030325638057
2024-03-12,1.09249,1.09436,1.09022,1.09261,0.00010984082234166692,0.14989102456860334
2024-03-13,1.09261,1.09637,1.09201,1.09473,0.0019403080696680508,0.13503240060350416
2024-03-14,1.09475,1.09547,1.08792,1.08845,-0.0057365743151279736,0.2148524341114436
2024-03-15,1.08845,1.08996,1.08729,1.08872,0.0002480591667048948,0.026831115167491034
2024-03-18,1.08881,1.0906,1.08661,1.08728,-0.00132265412594601,0.19259972465368463
2024-03-19,1.08708,1.08765,1.08347,1.08645,-0.0007633728202487422,0.24820788686893827
2024-03-20,1.08642,1.09227,1.08364,1.09205,0.005154401951309451,0.2066953879148098
2024-03-21,1.09196,1.09426,1.08528,1.08596,-0.005576667734993768,0.2498160697979821
2024-03-22,1.08596,1.08679,1.08017,1.08062,-0.004917308188146952,0.13441059236291222
2024-03-25,1.08062,1.08423,1.08022,1.08355,0.002711406414835915,0.035823499213169234
2024-03-26,1.08355,1.08643,1.08243,1.08312,-0.0003968437081813825,0.10213168723321753
2024-03-27,1.08312,1.08391,1.08107,1.08262,-0.0004616293670139937,0.1885147371247576
2024-03-28,1.08261,1.0826500000000001,1.0775,1.07881,-0.0035192403613455436,0.1526543698770103
2024-03-29,1.07872,1.08052,1.07678,1.07917,0.0003337010224226944,0.028733306130365125
2024-04-01,1.0787,1.07987,1.07309,1.07422,-0.004586858418970108,0.025815721967695854
2024-04-02,1.07423,1.0779,1.07246,1.07687,0.002466906220327303,-0.05293399334715152
2024-04-03,1.07685,1.08369,1.0764,1.08355,0.006203162870169976,-0.05634031783686223
2024-04-04,1.08352,1.08764,1.08292,1.08362,6.460246412265391e-05,0.024730625980822877
2024-04-05,1.08361,1.08479,1.07912,1.08363,9.228327273458348e-06,0.020604767816756804
2024-04-08,1.0836999999999999,1.08622,1.08209,1.08585,0.002048669748899501,0.02715852832985543
2024-04-09,1.08582,1.0885,1.08471,1.08563,-0.00020260625316559366,0.01651085481646529
2024-04-10,1.08558,1.08664,1.07287,1.07416,-0.010565293884656879,0.02093945963873455
2024-04-11,1.07415,1.07563,1.06992,1.07252,-0.0015267744097714475,-0.13383597411614973
2024-04-12,1.07251,1.07289,1.06225,1.06406,-0.0078879647931972,-0.11017703317830826
2024-04-15,1.0636,1.06651,1.06203,1.06237,-0.0015882563013364104,-0.2921283756096801
2024-04-16,1.06234,1.06536,1.0601099999999999,1.06181,-0.000527123318617928,-0.33009074012454526
2024-04-17,1.0618,1.06796,1.06061,1.0672,0.00507623774498267,-0.3176286070573859
2024-04-18,1.06702,1.069,1.06408,1.06425,-0.0027642428785606965,-0.2900725568513127
2024-04-19,1.06424,1.06775,1.06104,1.06557,0.0012403100775193465,-0.42403888778585674
2024-04-22,1.06526,1.06706,1.0624,1.06539,-0.0001689236746528211,-0.40564575246023404
2024-04-23,1.06521,1.07112,1.06385,1.07006,0.004383371347581599,-0.39093156538908713
2024-04-24,1.07006,1.07141,1.06779,1.0698,-0.00024297702932540854,-0.2804396949690121
2024-04-25,1.06982,1.07402,1.06784,1.0729,0.0028977378949335275,-0.3048124317961377
2024-04-26,1.07283,1.07527,1.0674,1.06922,-0.003429956193494177,-0.18713421004875222
2024-04-29,1.0694,1.07337,1.06865,1.072,0.0026000261873140307,-0.21919732434786626
2024-04-30,1.07197,1.07353,1.0663,1.0665499999999999,-0.005083955223880721,-0.17161392986312837
2024-05-01,1.0665,1.07327,1.06494,1.07089,0.004069195068210574,-0.22481839201470422
2024-05-02,1.07096,1.07302,1.06742,1.07245,0.0014567322507446079,-0.24576077857664633
2024-05-03,1.0722,1.0812,1.07192,1.07611,0.003412746514989129,-0.16152520577750398
2024-05-06,1.0763,1.07908,1.07552,1.07676,0.0006040274693108749,-0.05104182500185973
2024-05-07,1.07678,1.07874,1.07479,1.07538,-0.0012816226457148527,-0.08254058542738817
2024-05-08,1.07534,1.07574,1.0735,1.07476,-0.0005765403857241891,-0.09454030349948253
2024-05-09,1.07476,1.07843,1.07239,1.07816,0.003163496966764656,-0.09609877168786805
2024-05-10,1.07812,1.07901,1.07603,1.07694,-0.0011315574682793095,-0.0053685296521426345
2024-05-13,1.07686,1.08068,1.07648,1.07893,0.0018478281055582801,-0.023531092477215947
2024-05-14,1.07882,1.08256,1.07664,1.08182,0.002678579703966122,0.05862319921211003
2024-05-15,1.08172,1.08857,1.08131,1.08837,0.00605461167292165,0.0610296476633795
2024-05-16,1.08837,1.08949,1.08544,1.08663,-0.001598721023181482,0.059343378505354004
2024-05-17,1.08662,1.08783,1.08358,1.08685,0.00020246081923014358,0.035701537487031
2024-05-20,1.0867,1.08845,1.08535,1.08561,-0.0011409118093573811,0.0378511800271054
2024-05-21,1.08557,1.08748,1.08429,1.08532,-0.00026713092178576314,-0.00035352695426180743
2024-05-22,1.08518,1.08634,1.08174,1.08221,-0.002865514318357909,-0.0011122448593787126
2024-05-23,1.08214,1.0861,1.08047,1.08144,-0.0007115070088059561,0.0894261607974434
2024-05-24,1.08141,1.08578,1.08054,1.08457,0.002894289096020186,0.09901254051543781
2024-05-27,1.0848,1.08674,1.08409,1.08581,0.0011433102519891047,0.22548104998357138
2024-05-28,1.08564,1.0889,1.08506,1.08559,-0.0002026137169485187,0.26754240365966625
2024-05-29,1.08555,1.08588,1.07994,1.08003,-0.005121638924455829,0.27150059556922695
2024-05-30,1.08003,1.08451,1.07885,1.08313,0.002870290640074602,0.15603245249862852
2024-05-31,1.0830899999999999,1.08822,1.08112,1.08474,0.0014864328381636316,0.22730717955943647
2024-06-03,1.085,1.09039,1.08278,1.09036,0.005180965023876549,0.22911059761375238
2024-06-04,1.09029,1.0916,1.08593,1.08785,-0.002301992002641362,0.28114136742809714
2024-06-05,1.08781,1.08917,1.08544,1.08678,-0.0009835914877969198,0.2080830389773707
2024-06-06,1.08677,1.0902,1.08622,1.0887,0.0017666869099541849,0.1988027514306465
2024-06-07,1.08857,1.09019,1.07992,1.07994,-0.008046293744833344,0.18967033998706942
2024-06-10,1.0774,1.07816,1.07327,1.07644,-0.0032409207918956406,0.1302460848609104
2024-06-11,1.07643,1.07735,1.07196,1.07396,-0.002303890602355918,0.055072878581444634
2024-06-12,1.07365,1.08523,1.0733,1.08081,0.006378263622481395,0.09086925065157232
2024-06-13,1.08081,1.08165,1.0733,1.07363,-0.0066431657738177385,0.11383216682310775
2024-06-14,1.07358,1.07449,1.06676,1.07018,-0.0032133975391895886,0.014892049492176655
2024-06-17,1.07035,1.07378,1.06863,1.07326,0.002878020519912816,-0.06403325388442141
2024-06-18,1.07336,1.07614,1.07099,1.07393,0.0006242662542161881,-0.03469089474256072
2024-06-19,1.07393,1.07533,1.07248,1.07416,0.00021416665890705566,-0.014057187605532935
2024-06-20,1.07419,1.07488,1.07009,1.0701100000000001,-0.0037703880241304333,-0.004940855673396817
2024-06-21,1.07012,1.07205,1.0671,1.06915,-0.0008971040360337135,-0.09435155106010457
2024-06-24,1.0685,1.07464,1.06835,1.07313,0.003722583360613374,-0.09133081440097525
2024-06-25,1.07314,1.07442,1.06908,1.07132,-0.0016866549253118368,-0.06387023678352106
2024-06-26,1.07116,1.07179,1.06659,1.06797,-0.0031269835343314956,-0.1172040267384272
2024-06-27,1.06787,1.07264,1.0674,1.07032,0.002200436341844636,-0.255580040535828
2024-06-28,1.06999,1.07248,1.06853,1.07116,0.0007848120188354013,-0.20541451397732402
